fecha,rotulo,producto,media,n
2026-07-11,AVIA,gasoleo_a,1.5626,101
2026-07-11,AVIA,gasoleo_premium,1.651,57
2026-07-11,AVIA,gasolina_95_e5,1.5582,100
2026-07-11,AVIA,gasolina_98_e5,1.7124,52
2026-07-11,AVIA,glp,0.9895,11
2026-07-11,BALLENOIL,gasoleo_a,1.4513,398
2026-07-11,BALLENOIL,gasoleo_premium,1.4694,269
2026-07-11,BALLENOIL,gasolina_95_e5,1.4483,398
2026-07-11,BALLENOIL,glp,1.083,1
2026-07-11,BP,gasoleo_a,1.6182,150
2026-07-11,BP,gasoleo_premium,1.7127,144
2026-07-11,BP,gasolina_95_e5,1.6157,150
2026-07-11,BP,gasolina_98_e5,1.76,125
2026-07-11,BP,glp,0.9992,5
2026-07-11,CAMPSA,gasoleo_a,1.6374,56
2026-07-11,CAMPSA,gasoleo_premium,1.7204,29
2026-07-11,CAMPSA,gasolina_95_e5,1.5977,56
2026-07-11,CAMPSA,gasolina_98_e5,1.7527,29
2026-07-11,CAMPSA,glp,1.0997,3
2026-07-11,CARREFOUR,gasoleo_a,1.5597,146
2026-07-11,CARREFOUR,gasoleo_premium,1.5992,131
2026-07-11,CARREFOUR,gasolina_95_e5,1.5519,146
2026-07-11,CARREFOUR,gasolina_98_e5,1.7386,116
2026-07-11,CEPSA,gasoleo_a,1.6393,585
2026-07-11,CEPSA,gasoleo_premium,1.7385,538
2026-07-11,CEPSA,gasolina_95_e5,1.6151,578
2026-07-11,CEPSA,gasolina_98_e5,1.7683,284
2026-07-11,CEPSA,glp,1.1145,26
2026-07-11,ESCLATOIL,gasoleo_a,1.4358,71
2026-07-11,ESCLATOIL,gasoleo_premium,1.484,32
2026-07-11,ESCLATOIL,gasolina_95_e5,1.4275,71
2026-07-11,GALP,gasoleo_a,1.5864,461
2026-07-11,GALP,gasoleo_premium,1.6562,385
2026-07-11,GALP,gasolina_95_e5,1.5768,458
2026-07-11,GALP,gasolina_98_e5,1.7255,224
2026-07-11,GALP,glp,1.0235,41
2026-07-11,MOEVE,gasoleo_a,1.6489,583
2026-07-11,MOEVE,gasoleo_premium,1.7491,520
2026-07-11,MOEVE,gasolina_95_e5,1.6222,571
2026-07-11,MOEVE,gasolina_98_e5,1.7749,269
2026-07-11,MOEVE,glp,1.0998,68
2026-07-11,PETRONOR,gasoleo_a,1.6351,162
2026-07-11,PETRONOR,gasoleo_premium,1.723,81
2026-07-11,PETRONOR,gasolina_95_e5,1.6237,162
2026-07-11,PETRONOR,gasolina_98_e5,1.7716,105
2026-07-11,PETRONOR,glp,1.0915,12
2026-07-11,PETROPRIX,gasoleo_a,1.4306,177
2026-07-11,PETROPRIX,gasolina_95_e5,1.4222,177
2026-07-11,PLENERGY,gasoleo_a,1.4427,387
2026-07-11,PLENERGY,gasolina_95_e5,1.4307,387
2026-07-11,Q8,gasoleo_a,1.5463,87
2026-07-11,Q8,gasoleo_premium,1.6082,38
2026-07-11,Q8,gasolina_95_e5,1.5287,86
2026-07-11,Q8,gasolina_98_e5,1.6159,51
2026-07-11,Q8,glp,1.087,2
2026-07-11,REPSOL,gasoleo_a,1.635,2765
2026-07-11,REPSOL,gasoleo_premium,1.716,1251
2026-07-11,REPSOL,gasolina_95_e5,1.6203,2757
2026-07-11,REPSOL,gasolina_98_e5,1.7667,2182
2026-07-11,REPSOL,glp,1.0784,407
2026-07-11,SHELL,gasoleo_a,1.5762,343
2026-07-11,SHELL,gasoleo_premium,1.668,293
2026-07-11,SHELL,gasolina_95_e5,1.5718,343
2026-07-11,SHELL,gasolina_98_e5,1.7289,268
2026-07-11,SHELL,glp,1.0178,60
2026-07-12,AVIA,gasoleo_a,1.5631,101
2026-07-12,AVIA,gasoleo_premium,1.6517,57
2026-07-12,AVIA,gasolina_95_e5,1.5586,100
2026-07-12,AVIA,gasolina_98_e5,1.7128,52
2026-07-12,AVIA,glp,0.9895,11
2026-07-12,BALLENOIL,gasoleo_a,1.4511,398
2026-07-12,BALLENOIL,gasoleo_premium,1.4693,269
2026-07-12,BALLENOIL,gasolina_95_e5,1.4485,398
2026-07-12,BALLENOIL,glp,1.083,1
2026-07-12,BP,gasoleo_a,1.6189,150
2026-07-12,BP,gasoleo_premium,1.7133,144
2026-07-12,BP,gasolina_95_e5,1.616,150
2026-07-12,BP,gasolina_98_e5,1.76,125
2026-07-12,BP,glp,0.9992,5
2026-07-12,CAMPSA,gasoleo_a,1.6379,56
2026-07-12,CAMPSA,gasoleo_premium,1.7212,29
2026-07-12,CAMPSA,gasolina_95_e5,1.5973,56
2026-07-12,CAMPSA,gasolina_98_e5,1.7519,29
2026-07-12,CAMPSA,glp,1.0997,3
2026-07-12,CARREFOUR,gasoleo_a,1.5597,146
2026-07-12,CARREFOUR,gasoleo_premium,1.5992,131
2026-07-12,CARREFOUR,gasolina_95_e5,1.5519,146
2026-07-12,CARREFOUR,gasolina_98_e5,1.7386,116
2026-07-12,CEPSA,gasoleo_a,1.6358,585
2026-07-12,CEPSA,gasoleo_premium,1.7352,538
2026-07-12,CEPSA,gasolina_95_e5,1.6142,578
2026-07-12,CEPSA,gasolina_98_e5,1.7674,284
2026-07-12,CEPSA,glp,1.1145,26
2026-07-12,ESCLATOIL,gasoleo_a,1.4358,71
2026-07-12,ESCLATOIL,gasoleo_premium,1.484,32
2026-07-12,ESCLATOIL,gasolina_95_e5,1.4275,71
2026-07-12,GALP,gasoleo_a,1.586,461
2026-07-12,GALP,gasoleo_premium,1.6556,385
2026-07-12,GALP,gasolina_95_e5,1.5767,458
2026-07-12,GALP,gasolina_98_e5,1.7273,224
2026-07-12,GALP,glp,1.0235,41
2026-07-12,MOEVE,gasoleo_a,1.6395,583
2026-07-12,MOEVE,gasoleo_premium,1.7399,520
2026-07-12,MOEVE,gasolina_95_e5,1.6194,571
2026-07-12,MOEVE,gasolina_98_e5,1.7716,269
2026-07-12,MOEVE,glp,1.0998,68
2026-07-12,PETRONOR,gasoleo_a,1.6348,162
2026-07-12,PETRONOR,gasoleo_premium,1.7232,81
2026-07-12,PETRONOR,gasolina_95_e5,1.6224,162
2026-07-12,PETRONOR,gasolina_98_e5,1.7712,105
2026-07-12,PETRONOR,glp,1.0915,12
2026-07-12,PETROPRIX,gasoleo_a,1.4306,177
2026-07-12,PETROPRIX,gasolina_95_e5,1.4222,177
2026-07-12,PLENERGY,gasoleo_a,1.4425,387
2026-07-12,PLENERGY,gasolina_95_e5,1.4305,387
2026-07-12,Q8,gasoleo_a,1.5463,87
2026-07-12,Q8,gasoleo_premium,1.6082,38
2026-07-12,Q8,gasolina_95_e5,1.5287,86
2026-07-12,Q8,gasolina_98_e5,1.6159,51
2026-07-12,Q8,glp,1.087,2
2026-07-12,REPSOL,gasoleo_a,1.6351,2765
2026-07-12,REPSOL,gasoleo_premium,1.7168,1251
2026-07-12,REPSOL,gasolina_95_e5,1.6199,2757
2026-07-12,REPSOL,gasolina_98_e5,1.7667,2182
2026-07-12,REPSOL,glp,1.0782,407
2026-07-12,SHELL,gasoleo_a,1.5762,343
2026-07-12,SHELL,gasoleo_premium,1.668,293
2026-07-12,SHELL,gasolina_95_e5,1.5718,343
2026-07-12,SHELL,gasolina_98_e5,1.7289,268
2026-07-12,SHELL,glp,1.0178,60
2026-07-13,AVIA,gasoleo_a,1.5657,101
2026-07-13,AVIA,gasoleo_premium,1.653,57
2026-07-13,AVIA,gasolina_95_e5,1.56,100
2026-07-13,AVIA,gasolina_98_e5,1.713,52
2026-07-13,AVIA,glp,0.9895,11
2026-07-13,BALLENOIL,gasoleo_a,1.4511,399
2026-07-13,BALLENOIL,gasoleo_premium,1.4692,270
2026-07-13,BALLENOIL,gasolina_95_e5,1.4485,399
2026-07-13,BALLENOIL,glp,1.083,1
2026-07-13,BP,gasoleo_a,1.6209,150
2026-07-13,BP,gasoleo_premium,1.7146,144
2026-07-13,BP,gasolina_95_e5,1.6181,150
2026-07-13,BP,gasolina_98_e5,1.7622,125
2026-07-13,BP,glp,1.0032,5
2026-07-13,CAMPSA,gasoleo_a,1.6396,55
2026-07-13,CAMPSA,gasoleo_premium,1.7239,28
2026-07-13,CAMPSA,gasolina_95_e5,1.6005,55
2026-07-13,CAMPSA,gasolina_98_e5,1.7533,29
2026-07-13,CAMPSA,glp,1.0997,3
2026-07-13,CARREFOUR,gasoleo_a,1.5566,146
2026-07-13,CARREFOUR,gasoleo_premium,1.5966,131
2026-07-13,CARREFOUR,gasolina_95_e5,1.5441,146
2026-07-13,CARREFOUR,gasolina_98_e5,1.7357,116
2026-07-13,CEPSA,gasoleo_a,1.6388,589
2026-07-13,CEPSA,gasoleo_premium,1.738,542
2026-07-13,CEPSA,gasolina_95_e5,1.6165,582
2026-07-13,CEPSA,gasolina_98_e5,1.7689,285
2026-07-13,CEPSA,glp,1.1145,26
2026-07-13,ESCLATOIL,gasoleo_a,1.4358,71
2026-07-13,ESCLATOIL,gasoleo_premium,1.484,32
2026-07-13,ESCLATOIL,gasolina_95_e5,1.4275,71
2026-07-13,GALP,gasoleo_a,1.5902,462
2026-07-13,GALP,gasoleo_premium,1.6591,386
2026-07-13,GALP,gasolina_95_e5,1.5788,459
2026-07-13,GALP,gasolina_98_e5,1.733,224
2026-07-13,GALP,glp,1.0235,41
2026-07-13,MOEVE,gasoleo_a,1.641,586
2026-07-13,MOEVE,gasoleo_premium,1.741,523
2026-07-13,MOEVE,gasolina_95_e5,1.6209,574
2026-07-13,MOEVE,gasolina_98_e5,1.7723,269
2026-07-13,MOEVE,glp,1.0998,68
2026-07-13,PETRONOR,gasoleo_a,1.6367,161
2026-07-13,PETRONOR,gasoleo_premium,1.7256,80
2026-07-13,PETRONOR,gasolina_95_e5,1.6238,161
2026-07-13,PETRONOR,gasolina_98_e5,1.7713,105
2026-07-13,PETRONOR,glp,1.0915,12
2026-07-13,PETROPRIX,gasoleo_a,1.4299,176
2026-07-13,PETROPRIX,gasolina_95_e5,1.4206,176
2026-07-13,PLENERGY,gasoleo_a,1.4435,387
2026-07-13,PLENERGY,gasolina_95_e5,1.4308,387
2026-07-13,Q8,gasoleo_a,1.5481,87
2026-07-13,Q8,gasoleo_premium,1.61,38
2026-07-13,Q8,gasolina_95_e5,1.53,86
2026-07-13,Q8,gasolina_98_e5,1.6167,51
2026-07-13,Q8,glp,1.087,2
2026-07-13,REPSOL,gasoleo_a,1.6364,2765
2026-07-13,REPSOL,gasoleo_premium,1.7175,1251
2026-07-13,REPSOL,gasolina_95_e5,1.6212,2757
2026-07-13,REPSOL,gasolina_98_e5,1.767,2182
2026-07-13,REPSOL,glp,1.0776,407
2026-07-13,SHELL,gasoleo_a,1.5775,344
2026-07-13,SHELL,gasoleo_premium,1.6689,294
2026-07-13,SHELL,gasolina_95_e5,1.5726,344
2026-07-13,SHELL,gasolina_98_e5,1.7292,269
2026-07-13,SHELL,glp,1.0168,60
2026-07-14,AVIA,gasoleo_a,1.5719,101
2026-07-14,AVIA,gasoleo_premium,1.664,57
2026-07-14,AVIA,gasolina_95_e5,1.5659,100
2026-07-14,AVIA,gasolina_98_e5,1.7201,52
2026-07-14,AVIA,glp,0.9895,11
2026-07-14,BALLENOIL,gasoleo_a,1.4631,399
2026-07-14,BALLENOIL,gasoleo_premium,1.4812,267
2026-07-14,BALLENOIL,gasolina_95_e5,1.4608,399
2026-07-14,BALLENOIL,glp,1.083,1
2026-07-14,BP,gasoleo_a,1.6259,150
2026-07-14,BP,gasoleo_premium,1.7192,144
2026-07-14,BP,gasolina_95_e5,1.6213,150
2026-07-14,BP,gasolina_98_e5,1.7621,125
2026-07-14,BP,glp,1.0032,5
2026-07-14,CAMPSA,gasoleo_a,1.642,55
2026-07-14,CAMPSA,gasoleo_premium,1.7225,28
2026-07-14,CAMPSA,gasolina_95_e5,1.6031,55
2026-07-14,CAMPSA,gasolina_98_e5,1.757,29
2026-07-14,CAMPSA,glp,1.0663,3
2026-07-14,CARREFOUR,gasoleo_a,1.5671,146
2026-07-14,CARREFOUR,gasoleo_premium,1.6069,131
2026-07-14,CARREFOUR,gasolina_95_e5,1.5554,146
2026-07-14,CARREFOUR,gasolina_98_e5,1.7374,116
2026-07-14,CEPSA,gasoleo_a,1.6432,590
2026-07-14,CEPSA,gasoleo_premium,1.7421,543
2026-07-14,CEPSA,gasolina_95_e5,1.6201,583
2026-07-14,CEPSA,gasolina_98_e5,1.7705,286
2026-07-14,CEPSA,glp,1.1145,26
2026-07-14,ESCLATOIL,gasoleo_a,1.4358,71
2026-07-14,ESCLATOIL,gasoleo_premium,1.484,32
2026-07-14,ESCLATOIL,gasolina_95_e5,1.4275,71
2026-07-14,GALP,gasoleo_a,1.5924,462
2026-07-14,GALP,gasoleo_premium,1.6607,386
2026-07-14,GALP,gasolina_95_e5,1.5788,459
2026-07-14,GALP,gasolina_98_e5,1.7265,224
2026-07-14,GALP,glp,1.0235,41
2026-07-14,MOEVE,gasoleo_a,1.6414,586
2026-07-14,MOEVE,gasoleo_premium,1.742,523
2026-07-14,MOEVE,gasolina_95_e5,1.6206,576
2026-07-14,MOEVE,gasolina_98_e5,1.7716,269
2026-07-14,MOEVE,glp,1.0998,68
2026-07-14,PETRONOR,gasoleo_a,1.6384,162
2026-07-14,PETRONOR,gasoleo_premium,1.7261,81
2026-07-14,PETRONOR,gasolina_95_e5,1.6238,162
2026-07-14,PETRONOR,gasolina_98_e5,1.7726,106
2026-07-14,PETRONOR,glp,1.0915,12
2026-07-14,PETROPRIX,gasoleo_a,1.4455,176
2026-07-14,PETROPRIX,gasolina_95_e5,1.436,176
2026-07-14,PLENERGY,gasoleo_a,1.4692,387
2026-07-14,PLENERGY,gasolina_95_e5,1.4549,387
2026-07-14,Q8,gasoleo_a,1.5544,87
2026-07-14,Q8,gasoleo_premium,1.6113,38
2026-07-14,Q8,gasolina_95_e5,1.5351,86
2026-07-14,Q8,gasolina_98_e5,1.6167,51
2026-07-14,Q8,glp,1.087,2
2026-07-14,REPSOL,gasoleo_a,1.6368,2767
2026-07-14,REPSOL,gasoleo_premium,1.7183,1249
2026-07-14,REPSOL,gasolina_95_e5,1.6209,2759
2026-07-14,REPSOL,gasolina_98_e5,1.7678,2184
2026-07-14,REPSOL,glp,1.0771,407
2026-07-14,SHELL,gasoleo_a,1.5879,344
2026-07-14,SHELL,gasoleo_premium,1.6798,294
2026-07-14,SHELL,gasolina_95_e5,1.5809,344
2026-07-14,SHELL,gasolina_98_e5,1.7383,269
2026-07-14,SHELL,glp,1.0162,62
2026-07-15,AVIA,gasoleo_a,1.5855,101
2026-07-15,AVIA,gasoleo_premium,1.6735,57
2026-07-15,AVIA,gasolina_95_e5,1.5739,100
2026-07-15,AVIA,gasolina_98_e5,1.7277,52
2026-07-15,AVIA,glp,0.9895,11
2026-07-15,BALLENOIL,gasoleo_a,1.4786,399
2026-07-15,BALLENOIL,gasoleo_premium,1.4979,271
2026-07-15,BALLENOIL,gasolina_95_e5,1.4723,399
2026-07-15,BALLENOIL,glp,1.083,1
2026-07-15,BP,gasoleo_a,1.6416,150
2026-07-15,BP,gasoleo_premium,1.7345,144
2026-07-15,BP,gasolina_95_e5,1.629,150
2026-07-15,BP,gasolina_98_e5,1.7696,125
2026-07-15,BP,glp,1.0012,5
2026-07-15,CAMPSA,gasoleo_a,1.6659,55
2026-07-15,CAMPSA,gasoleo_premium,1.7476,28
2026-07-15,CAMPSA,gasolina_95_e5,1.6129,55
2026-07-15,CAMPSA,gasolina_98_e5,1.7699,29
2026-07-15,CAMPSA,glp,1.0643,3
2026-07-15,CARREFOUR,gasoleo_a,1.5782,146
2026-07-15,CARREFOUR,gasoleo_premium,1.6194,131
2026-07-15,CARREFOUR,gasolina_95_e5,1.5598,146
2026-07-15,CARREFOUR,gasolina_98_e5,1.7485,116
2026-07-15,CEPSA,gasoleo_a,1.6679,591
2026-07-15,CEPSA,gasoleo_premium,1.7665,544
2026-07-15,CEPSA,gasolina_95_e5,1.633,584
2026-07-15,CEPSA,gasolina_98_e5,1.7837,286
2026-07-15,CEPSA,glp,1.1102,20
2026-07-15,ESCLATOIL,gasoleo_a,1.4608,71
2026-07-15,ESCLATOIL,gasoleo_premium,1.5084,32
2026-07-15,ESCLATOIL,gasolina_95_e5,1.4418,71
2026-07-15,GALP,gasoleo_a,1.617,462
2026-07-15,GALP,gasoleo_premium,1.6856,386
2026-07-15,GALP,gasolina_95_e5,1.5903,459
2026-07-15,GALP,gasolina_98_e5,1.7373,224
2026-07-15,GALP,glp,1.0274,41
2026-07-15,MOEVE,gasoleo_a,1.6739,587
2026-07-15,MOEVE,gasoleo_premium,1.7743,524
2026-07-15,MOEVE,gasolina_95_e5,1.6382,577
2026-07-15,MOEVE,gasolina_98_e5,1.788,270
2026-07-15,MOEVE,glp,1.0561,26
2026-07-15,PETRONOR,gasoleo_a,1.6627,162
2026-07-15,PETRONOR,gasoleo_premium,1.7482,81
2026-07-15,PETRONOR,gasolina_95_e5,1.6337,162
2026-07-15,PETRONOR,gasolina_98_e5,1.781,106
2026-07-15,PETRONOR,glp,1.0925,12
2026-07-15,PETROPRIX,gasoleo_a,1.4592,177
2026-07-15,PETROPRIX,gasolina_95_e5,1.446,177
2026-07-15,PLENERGY,gasoleo_a,1.4753,387
2026-07-15,PLENERGY,gasolina_95_e5,1.4587,387
2026-07-15,Q8,gasoleo_a,1.5754,84
2026-07-15,Q8,gasoleo_premium,1.6376,36
2026-07-15,Q8,gasolina_95_e5,1.544,83
2026-07-15,Q8,gasolina_98_e5,1.6257,48
2026-07-15,Q8,glp,1.087,2
2026-07-15,REPSOL,gasoleo_a,1.6631,2765
2026-07-15,REPSOL,gasoleo_premium,1.7435,1247
2026-07-15,REPSOL,gasolina_95_e5,1.6316,2757
2026-07-15,REPSOL,gasolina_98_e5,1.7778,2184
2026-07-15,REPSOL,glp,1.0763,407
2026-07-15,SHELL,gasoleo_a,1.6057,344
2026-07-15,SHELL,gasoleo_premium,1.698,294
2026-07-15,SHELL,gasolina_95_e5,1.5874,344
2026-07-15,SHELL,gasolina_98_e5,1.7441,269
2026-07-15,SHELL,glp,1.0162,62
2026-07-16,AVIA,gasoleo_a,1.6016,101
2026-07-16,AVIA,gasoleo_premium,1.6861,57
2026-07-16,AVIA,gasolina_95_e5,1.5819,100
2026-07-16,AVIA,gasolina_98_e5,1.7355,52
2026-07-16,AVIA,glp,0.9837,11
2026-07-16,BALLENOIL,gasoleo_a,1.4997,399
2026-07-16,BALLENOIL,gasoleo_premium,1.5182,271
2026-07-16,BALLENOIL,gasolina_95_e5,1.4877,399
2026-07-16,BALLENOIL,glp,1.083,1
2026-07-16,BP,gasoleo_a,1.6649,150
2026-07-16,BP,gasoleo_premium,1.7572,144
2026-07-16,BP,gasolina_95_e5,1.6414,150
2026-07-16,BP,gasolina_98_e5,1.7817,125
2026-07-16,BP,glp,1.0012,5
2026-07-16,CAMPSA,gasoleo_a,1.6942,55
2026-07-16,CAMPSA,gasoleo_premium,1.7802,29
2026-07-16,CAMPSA,gasolina_95_e5,1.6313,55
2026-07-16,CAMPSA,gasolina_98_e5,1.7862,29
2026-07-16,CAMPSA,glp,1.0643,3
2026-07-16,CARREFOUR,gasoleo_a,1.6053,146
2026-07-16,CARREFOUR,gasoleo_premium,1.6467,131
2026-07-16,CARREFOUR,gasolina_95_e5,1.5779,146
2026-07-16,CARREFOUR,gasolina_98_e5,1.7629,116
2026-07-16,CEPSA,gasoleo_a,1.6845,588
2026-07-16,CEPSA,gasoleo_premium,1.7855,541
2026-07-16,CEPSA,gasolina_95_e5,1.6406,581
2026-07-16,CEPSA,gasolina_98_e5,1.7916,285
2026-07-16,CEPSA,glp,1.1222,26
2026-07-16,ESCLATOIL,gasoleo_a,1.4608,71
2026-07-16,ESCLATOIL,gasoleo_premium,1.5084,32
2026-07-16,ESCLATOIL,gasolina_95_e5,1.4418,71
2026-07-16,GALP,gasoleo_a,1.6371,462
2026-07-16,GALP,gasoleo_premium,1.7052,386
2026-07-16,GALP,gasolina_95_e5,1.6034,459
2026-07-16,GALP,gasolina_98_e5,1.7507,224
2026-07-16,GALP,glp,1.0274,41
2026-07-16,MOEVE,gasoleo_a,1.699,584
2026-07-16,MOEVE,gasoleo_premium,1.8037,522
2026-07-16,MOEVE,gasolina_95_e5,1.6485,574
2026-07-16,MOEVE,gasolina_98_e5,1.798,270
2026-07-16,MOEVE,glp,1.1069,68
2026-07-16,PETRONOR,gasoleo_a,1.6882,162
2026-07-16,PETRONOR,gasoleo_premium,1.7712,81
2026-07-16,PETRONOR,gasolina_95_e5,1.6493,162
2026-07-16,PETRONOR,gasolina_98_e5,1.7992,106
2026-07-16,PETRONOR,glp,1.093,12
2026-07-16,PETROPRIX,gasoleo_a,1.4742,177
2026-07-16,PETROPRIX,gasolina_95_e5,1.4578,177
2026-07-16,PLENERGY,gasoleo_a,1.4942,387
2026-07-16,PLENERGY,gasolina_95_e5,1.475,387
2026-07-16,Q8,gasoleo_a,1.5775,84
2026-07-16,Q8,gasoleo_premium,1.6415,36
2026-07-16,Q8,gasolina_95_e5,1.5448,83
2026-07-16,Q8,gasolina_98_e5,1.6259,48
2026-07-16,Q8,glp,1.087,2
2026-07-16,REPSOL,gasoleo_a,1.6895,2761
2026-07-16,REPSOL,gasoleo_premium,1.7696,1242
2026-07-16,REPSOL,gasolina_95_e5,1.6474,2753
2026-07-16,REPSOL,gasolina_98_e5,1.7949,2183
2026-07-16,REPSOL,glp,1.0758,408
2026-07-16,SHELL,gasoleo_a,1.6199,344
2026-07-16,SHELL,gasoleo_premium,1.712,294
2026-07-16,SHELL,gasolina_95_e5,1.5943,344
2026-07-16,SHELL,gasolina_98_e5,1.751,269
2026-07-16,SHELL,glp,1.0119,62
2026-07-17,AVIA,gasoleo_a,1.6198,101
2026-07-17,AVIA,gasoleo_premium,1.706,57
2026-07-17,AVIA,gasolina_95_e5,1.591,100
2026-07-17,AVIA,gasolina_98_e5,1.7476,52
2026-07-17,AVIA,glp,0.9837,11
2026-07-17,BALLENOIL,gasoleo_a,1.5211,399
2026-07-17,BALLENOIL,gasoleo_premium,1.5377,271
2026-07-17,BALLENOIL,gasolina_95_e5,1.4908,399
2026-07-17,BALLENOIL,glp,1.083,1
2026-07-17,BP,gasoleo_a,1.6923,149
2026-07-17,BP,gasoleo_premium,1.7847,143
2026-07-17,BP,gasolina_95_e5,1.6557,149
2026-07-17,BP,gasolina_98_e5,1.798,124
2026-07-17,BP,glp,1.0012,5
2026-07-17,CAMPSA,gasoleo_a,1.7185,55
2026-07-17,CAMPSA,gasoleo_premium,1.812,29
2026-07-17,CAMPSA,gasolina_95_e5,1.6414,55
2026-07-17,CAMPSA,gasolina_98_e5,1.8036,29
2026-07-17,CAMPSA,glp,1.0643,3
2026-07-17,CARREFOUR,gasoleo_a,1.6254,146
2026-07-17,CARREFOUR,gasoleo_premium,1.6665,131
2026-07-17,CARREFOUR,gasolina_95_e5,1.5894,146
2026-07-17,CARREFOUR,gasolina_98_e5,1.7788,116
2026-07-17,CEPSA,gasoleo_a,1.6999,584
2026-07-17,CEPSA,gasoleo_premium,1.7999,538
2026-07-17,CEPSA,gasolina_95_e5,1.6473,577
2026-07-17,CEPSA,gasolina_98_e5,1.7905,283
2026-07-17,CEPSA,glp,1.1202,26
2026-07-17,ESCLATOIL,gasoleo_a,1.5472,71
2026-07-17,ESCLATOIL,gasoleo_premium,1.5946,32
2026-07-17,ESCLATOIL,gasolina_95_e5,1.4767,71
2026-07-17,GALP,gasoleo_a,1.6561,461
2026-07-17,GALP,gasoleo_premium,1.7255,385
2026-07-17,GALP,gasolina_95_e5,1.6121,458
2026-07-17,GALP,gasolina_98_e5,1.7602,223
2026-07-17,GALP,glp,1.0269,41
2026-07-17,MOEVE,gasoleo_a,1.7179,586
2026-07-17,MOEVE,gasoleo_premium,1.8202,524
2026-07-17,MOEVE,gasolina_95_e5,1.6571,576
2026-07-17,MOEVE,gasolina_98_e5,1.7945,271
2026-07-17,MOEVE,glp,1.1069,68
2026-07-17,PETRONOR,gasoleo_a,1.7137,162
2026-07-17,PETRONOR,gasoleo_premium,1.8002,81
2026-07-17,PETRONOR,gasolina_95_e5,1.6598,162
2026-07-17,PETRONOR,gasolina_98_e5,1.816,106
2026-07-17,PETRONOR,glp,1.093,12
2026-07-17,PETROPRIX,gasoleo_a,1.4906,177
2026-07-17,PETROPRIX,gasolina_95_e5,1.4618,177
2026-07-17,PLENERGY,gasoleo_a,1.5088,388
2026-07-17,PLENERGY,gasolina_95_e5,1.4754,388
2026-07-17,Q8,gasoleo_a,1.5987,85
2026-07-17,Q8,gasoleo_premium,1.666,36
2026-07-17,Q8,gasolina_95_e5,1.5583,84
2026-07-17,Q8,gasolina_98_e5,1.6412,49
2026-07-17,Q8,glp,1.062,2
2026-07-17,REPSOL,gasoleo_a,1.7168,2762
2026-07-17,REPSOL,gasoleo_premium,1.8036,1242
2026-07-17,REPSOL,gasolina_95_e5,1.6577,2754
2026-07-17,REPSOL,gasolina_98_e5,1.8116,2183
2026-07-17,REPSOL,glp,1.0759,408
2026-07-17,SHELL,gasoleo_a,1.6392,344
2026-07-17,SHELL,gasoleo_premium,1.7316,294
2026-07-17,SHELL,gasolina_95_e5,1.6023,344
2026-07-17,SHELL,gasolina_98_e5,1.7598,269
2026-07-17,SHELL,glp,1.009,62
2026-07-18,AVIA,gasoleo_a,1.6328,102
2026-07-18,AVIA,gasoleo_premium,1.7174,57
2026-07-18,AVIA,gasolina_95_e5,1.5968,101
2026-07-18,AVIA,gasolina_98_e5,1.7563,52
2026-07-18,AVIA,glp,0.9837,11
2026-07-18,BALLENOIL,gasoleo_a,1.5357,399
2026-07-18,BALLENOIL,gasoleo_premium,1.551,271
2026-07-18,BALLENOIL,gasolina_95_e5,1.4932,399
2026-07-18,BALLENOIL,glp,1.083,1
2026-07-18,BP,gasoleo_a,1.7073,149
2026-07-18,BP,gasoleo_premium,1.7989,143
2026-07-18,BP,gasolina_95_e5,1.6623,149
2026-07-18,BP,gasolina_98_e5,1.805,124
2026-07-18,BP,glp,1.0012,5
2026-07-18,CAMPSA,gasoleo_a,1.7385,55
2026-07-18,CAMPSA,gasoleo_premium,1.8243,29
2026-07-18,CAMPSA,gasolina_95_e5,1.652,55
2026-07-18,CAMPSA,gasolina_98_e5,1.8063,29
2026-07-18,CAMPSA,glp,1.0643,3
2026-07-18,CARREFOUR,gasoleo_a,1.657,146
2026-07-18,CARREFOUR,gasoleo_premium,1.699,131
2026-07-18,CARREFOUR,gasolina_95_e5,1.6067,146
2026-07-18,CARREFOUR,gasolina_98_e5,1.7858,116
2026-07-18,CEPSA,gasoleo_a,1.7128,580
2026-07-18,CEPSA,gasoleo_premium,1.8121,535
2026-07-18,CEPSA,gasolina_95_e5,1.6532,573
2026-07-18,CEPSA,gasolina_98_e5,1.7944,282
2026-07-18,CEPSA,glp,1.1202,26
2026-07-18,ESCLATOIL,gasoleo_a,1.5472,71
2026-07-18,ESCLATOIL,gasoleo_premium,1.5946,32
2026-07-18,ESCLATOIL,gasolina_95_e5,1.4767,71
2026-07-18,GALP,gasoleo_a,1.6772,461
2026-07-18,GALP,gasoleo_premium,1.7473,385
2026-07-18,GALP,gasolina_95_e5,1.626,458
2026-07-18,GALP,gasolina_98_e5,1.779,223
2026-07-18,GALP,glp,1.0269,41
2026-07-18,MOEVE,gasoleo_a,1.7312,587
2026-07-18,MOEVE,gasoleo_premium,1.8333,525
2026-07-18,MOEVE,gasolina_95_e5,1.6622,577
2026-07-18,MOEVE,gasolina_98_e5,1.7989,271
2026-07-18,MOEVE,glp,1.1069,68
2026-07-18,PETRONOR,gasoleo_a,1.7312,162
2026-07-18,PETRONOR,gasoleo_premium,1.8115,81
2026-07-18,PETRONOR,gasolina_95_e5,1.6693,162
2026-07-18,PETRONOR,gasolina_98_e5,1.8175,106
2026-07-18,PETRONOR,glp,1.093,12
2026-07-18,PETROPRIX,gasoleo_a,1.5022,177
2026-07-18,PETROPRIX,gasolina_95_e5,1.4638,177
2026-07-18,PLENERGY,gasoleo_a,1.5116,388
2026-07-18,PLENERGY,gasolina_95_e5,1.4746,388
2026-07-18,Q8,gasoleo_a,1.6194,85
2026-07-18,Q8,gasoleo_premium,1.6858,36
2026-07-18,Q8,gasolina_95_e5,1.5708,84
2026-07-18,Q8,gasolina_98_e5,1.6506,49
2026-07-18,Q8,glp,1.062,2
2026-07-18,REPSOL,gasoleo_a,1.7369,2762
2026-07-18,REPSOL,gasoleo_premium,1.8163,1242
2026-07-18,REPSOL,gasolina_95_e5,1.6683,2754
2026-07-18,REPSOL,gasolina_98_e5,1.8152,2183
2026-07-18,REPSOL,glp,1.0759,408
2026-07-18,SHELL,gasoleo_a,1.6482,344
2026-07-18,SHELL,gasoleo_premium,1.7411,294
2026-07-18,SHELL,gasolina_95_e5,1.6067,344
2026-07-18,SHELL,gasolina_98_e5,1.764,269
2026-07-18,SHELL,glp,1.009,62
2026-07-19,AVIA,gasoleo_a,1.6334,102
2026-07-19,AVIA,gasoleo_premium,1.7175,57
2026-07-19,AVIA,gasolina_95_e5,1.5971,101
2026-07-19,AVIA,gasolina_98_e5,1.7575,52
2026-07-19,AVIA,glp,0.9837,11
2026-07-19,BALLENOIL,gasoleo_a,1.5371,399
2026-07-19,BALLENOIL,gasoleo_premium,1.5519,271
2026-07-19,BALLENOIL,gasolina_95_e5,1.4931,399
2026-07-19,BALLENOIL,glp,1.083,1
2026-07-19,BP,gasoleo_a,1.7097,149
2026-07-19,BP,gasoleo_premium,1.802,143
2026-07-19,BP,gasolina_95_e5,1.664,149
2026-07-19,BP,gasolina_98_e5,1.8056,124
2026-07-19,BP,glp,1.0012,5
2026-07-19,CAMPSA,gasoleo_a,1.7524,56
2026-07-19,CAMPSA,gasoleo_premium,1.8374,29
2026-07-19,CAMPSA,gasolina_95_e5,1.6633,56
2026-07-19,CAMPSA,gasolina_98_e5,1.8221,29
2026-07-19,CAMPSA,glp,1.0643,3
2026-07-19,CARREFOUR,gasoleo_a,1.657,146
2026-07-19,CARREFOUR,gasoleo_premium,1.699,131
2026-07-19,CARREFOUR,gasolina_95_e5,1.6067,146
2026-07-19,CARREFOUR,gasolina_98_e5,1.7858,116
2026-07-19,CEPSA,gasoleo_a,1.7208,581
2026-07-19,CEPSA,gasoleo_premium,1.8205,535
2026-07-19,CEPSA,gasolina_95_e5,1.6596,574
2026-07-19,CEPSA,gasolina_98_e5,1.8009,282
2026-07-19,CEPSA,glp,1.1202,26
2026-07-19,ESCLATOIL,gasoleo_a,1.5472,71
2026-07-19,ESCLATOIL,gasoleo_premium,1.5946,32
2026-07-19,ESCLATOIL,gasolina_95_e5,1.4767,71
2026-07-19,GALP,gasoleo_a,1.6855,461
2026-07-19,GALP,gasoleo_premium,1.7561,385
2026-07-19,GALP,gasolina_95_e5,1.6325,458
2026-07-19,GALP,gasolina_98_e5,1.7839,223
2026-07-19,GALP,glp,1.0269,41
2026-07-19,MOEVE,gasoleo_a,1.7433,587
2026-07-19,MOEVE,gasoleo_premium,1.8463,525
2026-07-19,MOEVE,gasolina_95_e5,1.6739,577
2026-07-19,MOEVE,gasolina_98_e5,1.8098,271
2026-07-19,MOEVE,glp,1.1069,68
2026-07-19,PETRONOR,gasoleo_a,1.7485,162
2026-07-19,PETRONOR,gasoleo_premium,1.8269,81
2026-07-19,PETRONOR,gasolina_95_e5,1.6846,162
2026-07-19,PETRONOR,gasolina_98_e5,1.8351,106
2026-07-19,PETRONOR,glp,1.093,12
2026-07-19,PETROPRIX,gasoleo_a,1.4976,177
2026-07-19,PETROPRIX,gasolina_95_e5,1.4634,177
2026-07-19,PLENERGY,gasoleo_a,1.5133,388
2026-07-19,PLENERGY,gasolina_95_e5,1.4754,388
2026-07-19,Q8,gasoleo_a,1.6358,85
2026-07-19,Q8,gasoleo_premium,1.7022,36
2026-07-19,Q8,gasolina_95_e5,1.5795,84
2026-07-19,Q8,gasolina_98_e5,1.6547,49
2026-07-19,Q8,glp,1.062,2
2026-07-19,REPSOL,gasoleo_a,1.7535,2759
2026-07-19,REPSOL,gasoleo_premium,1.8317,1242
2026-07-19,REPSOL,gasolina_95_e5,1.6841,2752
2026-07-19,REPSOL,gasolina_98_e5,1.8306,2181
2026-07-19,REPSOL,glp,1.0759,408
2026-07-19,SHELL,gasoleo_a,1.6489,344
2026-07-19,SHELL,gasoleo_premium,1.7414,294
2026-07-19,SHELL,gasolina_95_e5,1.6073,344
2026-07-19,SHELL,gasolina_98_e5,1.7647,269
2026-07-19,SHELL,glp,1.009,62
2026-07-20,AVIA,gasoleo_a,1.6541,102
2026-07-20,AVIA,gasoleo_premium,1.7362,57
2026-07-20,AVIA,gasolina_95_e5,1.6116,101
2026-07-20,AVIA,gasolina_98_e5,1.7688,52
2026-07-20,AVIA,glp,0.9837,11
2026-07-20,BALLENOIL,gasoleo_a,1.5367,399
2026-07-20,BALLENOIL,gasoleo_premium,1.5522,271
2026-07-20,BALLENOIL,gasolina_95_e5,1.4936,399
2026-07-20,BALLENOIL,glp,1.083,1
2026-07-20,BP,gasoleo_a,1.7196,149
2026-07-20,BP,gasoleo_premium,1.8119,143
2026-07-20,BP,gasolina_95_e5,1.6702,149
2026-07-20,BP,gasolina_98_e5,1.8122,124
2026-07-20,BP,glp,1.0012,5
2026-07-20,CAMPSA,gasoleo_a,1.7636,56
2026-07-20,CAMPSA,gasoleo_premium,1.8467,29
2026-07-20,CAMPSA,gasolina_95_e5,1.6672,56
2026-07-20,CAMPSA,gasolina_98_e5,1.8256,29
2026-07-20,CAMPSA,glp,1.0643,3
2026-07-20,CARREFOUR,gasoleo_a,1.6648,146
2026-07-20,CARREFOUR,gasoleo_premium,1.7071,131
2026-07-20,CARREFOUR,gasolina_95_e5,1.612,146
2026-07-20,CARREFOUR,gasolina_98_e5,1.7977,116
2026-07-20,CEPSA,gasoleo_a,1.7416,581
2026-07-20,CEPSA,gasoleo_premium,1.8407,535
2026-07-20,CEPSA,gasolina_95_e5,1.6745,574
2026-07-20,CEPSA,gasolina_98_e5,1.8144,282
2026-07-20,CEPSA,glp,1.1175,26
2026-07-20,ESCLATOIL,gasoleo_a,1.578,71
2026-07-20,ESCLATOIL,gasoleo_premium,1.6262,32
2026-07-20,ESCLATOIL,gasolina_95_e5,1.4858,71
2026-07-20,GALP,gasoleo_a,1.6969,461
2026-07-20,GALP,gasoleo_premium,1.7663,385
2026-07-20,GALP,gasolina_95_e5,1.6381,458
2026-07-20,GALP,gasolina_98_e5,1.7854,223
2026-07-20,GALP,glp,1.0269,41
2026-07-20,MOEVE,gasoleo_a,1.7596,587
2026-07-20,MOEVE,gasoleo_premium,1.8615,526
2026-07-20,MOEVE,gasolina_95_e5,1.6873,577
2026-07-20,MOEVE,gasolina_98_e5,1.8245,271
2026-07-20,MOEVE,glp,1.1068,68
2026-07-20,PETRONOR,gasoleo_a,1.7549,162
2026-07-20,PETRONOR,gasoleo_premium,1.8346,81
2026-07-20,PETRONOR,gasolina_95_e5,1.6877,162
2026-07-20,PETRONOR,gasolina_98_e5,1.837,106
2026-07-20,PETRONOR,glp,1.093,12
2026-07-20,PETROPRIX,gasoleo_a,1.4979,177
2026-07-20,PETROPRIX,gasolina_95_e5,1.4639,177
2026-07-20,PLENERGY,gasoleo_a,1.5146,388
2026-07-20,PLENERGY,gasolina_95_e5,1.4763,388
2026-07-20,Q8,gasoleo_a,1.645,85
2026-07-20,Q8,gasoleo_premium,1.7097,36
2026-07-20,Q8,gasolina_95_e5,1.5862,84
2026-07-20,Q8,gasolina_98_e5,1.657,49
2026-07-20,Q8,glp,1.062,2
2026-07-20,REPSOL,gasoleo_a,1.7577,2760
2026-07-20,REPSOL,gasoleo_premium,1.8375,1242
2026-07-20,REPSOL,gasolina_95_e5,1.6863,2753
2026-07-20,REPSOL,gasolina_98_e5,1.834,2180
2026-07-20,REPSOL,glp,1.0762,408
2026-07-20,SHELL,gasoleo_a,1.6644,344
2026-07-20,SHELL,gasoleo_premium,1.757,294
2026-07-20,SHELL,gasolina_95_e5,1.6173,344
2026-07-20,SHELL,gasolina_98_e5,1.7751,269
2026-07-20,SHELL,glp,1.009,62
2026-07-21,AVIA,gasoleo_a,1.6713,102
2026-07-21,AVIA,gasoleo_premium,1.7556,57
2026-07-21,AVIA,gasolina_95_e5,1.6245,101
2026-07-21,AVIA,gasolina_98_e5,1.7788,52
2026-07-21,AVIA,glp,0.9837,11
2026-07-21,BALLENOIL,gasoleo_a,1.5537,399
2026-07-21,BALLENOIL,gasoleo_premium,1.5697,271
2026-07-21,BALLENOIL,gasolina_95_e5,1.5093,399
2026-07-21,BALLENOIL,glp,1.083,1
2026-07-21,BP,gasoleo_a,1.7463,149
2026-07-21,BP,gasoleo_premium,1.8382,143
2026-07-21,BP,gasolina_95_e5,1.6884,149
2026-07-21,BP,gasolina_98_e5,1.8296,124
2026-07-21,BP,glp,1.0012,5
2026-07-21,CAMPSA,gasoleo_a,1.7745,56
2026-07-21,CAMPSA,gasoleo_premium,1.8534,29
2026-07-21,CAMPSA,gasolina_95_e5,1.6761,56
2026-07-21,CAMPSA,gasolina_98_e5,1.835,29
2026-07-21,CAMPSA,glp,1.0643,3
2026-07-21,CARREFOUR,gasoleo_a,1.6986,146
2026-07-21,CARREFOUR,gasoleo_premium,1.7398,131
2026-07-21,CARREFOUR,gasolina_95_e5,1.6382,146
2026-07-21,CARREFOUR,gasolina_98_e5,1.8053,116
2026-07-21,CEPSA,gasoleo_a,1.7599,582
2026-07-21,CEPSA,gasoleo_premium,1.8603,536
2026-07-21,CEPSA,gasolina_95_e5,1.6859,575
2026-07-21,CEPSA,gasolina_98_e5,1.8247,282
2026-07-21,CEPSA,glp,1.1169,26
2026-07-21,ESCLATOIL,gasoleo_a,1.5808,71
2026-07-21,ESCLATOIL,gasoleo_premium,1.6287,32
2026-07-21,ESCLATOIL,gasolina_95_e5,1.4807,71
2026-07-21,GALP,gasoleo_a,1.7095,461
2026-07-21,GALP,gasoleo_premium,1.7777,385
2026-07-21,GALP,gasolina_95_e5,1.6468,458
2026-07-21,GALP,gasolina_98_e5,1.7933,223
2026-07-21,GALP,glp,1.0269,41
2026-07-21,MOEVE,gasoleo_a,1.7769,588
2026-07-21,MOEVE,gasoleo_premium,1.8795,527
2026-07-21,MOEVE,gasolina_95_e5,1.6965,578
2026-07-21,MOEVE,gasolina_98_e5,1.8333,271
2026-07-21,MOEVE,glp,1.1069,68
2026-07-21,PETRONOR,gasoleo_a,1.7675,162
2026-07-21,PETRONOR,gasoleo_premium,1.8459,81
2026-07-21,PETRONOR,gasolina_95_e5,1.7,162
2026-07-21,PETRONOR,gasolina_98_e5,1.8468,106
2026-07-21,PETRONOR,glp,1.093,12
2026-07-21,PETROPRIX,gasoleo_a,1.5202,177
2026-07-21,PETROPRIX,gasolina_95_e5,1.4818,177
2026-07-21,PLENERGY,gasoleo_a,1.5536,388
2026-07-21,PLENERGY,gasolina_95_e5,1.5145,388
2026-07-21,Q8,gasoleo_a,1.6551,85
2026-07-21,Q8,gasoleo_premium,1.723,36
2026-07-21,Q8,gasolina_95_e5,1.594,84
2026-07-21,Q8,gasolina_98_e5,1.6677,49
2026-07-21,Q8,glp,1.062,2
2026-07-21,REPSOL,gasoleo_a,1.7693,2760
2026-07-21,REPSOL,gasoleo_premium,1.8487,1242
2026-07-21,REPSOL,gasolina_95_e5,1.6971,2753
2026-07-21,REPSOL,gasolina_98_e5,1.8433,2180
2026-07-21,REPSOL,glp,1.0758,408
2026-07-21,SHELL,gasoleo_a,1.6762,344
2026-07-21,SHELL,gasoleo_premium,1.77,294
2026-07-21,SHELL,gasolina_95_e5,1.6244,344
2026-07-21,SHELL,gasolina_98_e5,1.7821,269
2026-07-21,SHELL,glp,1.009,62
2026-07-22,AVIA,gasoleo_a,1.6869,102
2026-07-22,AVIA,gasoleo_premium,1.77,57
2026-07-22,AVIA,gasolina_95_e5,1.6362,101
2026-07-22,AVIA,gasolina_98_e5,1.7831,52
2026-07-22,AVIA,glp,0.9837,11
2026-07-22,BALLENOIL,gasoleo_a,1.5676,399
2026-07-22,BALLENOIL,gasoleo_premium,1.5846,271
2026-07-22,BALLENOIL,gasolina_95_e5,1.5235,399
2026-07-22,BALLENOIL,glp,1.083,1
2026-07-22,BP,gasoleo_a,1.7545,150
2026-07-22,BP,gasoleo_premium,1.8469,144
2026-07-22,BP,gasolina_95_e5,1.6929,150
2026-07-22,BP,gasolina_98_e5,1.8361,125
2026-07-22,BP,glp,1.0012,5
2026-07-22,CAMPSA,gasoleo_a,1.7959,56
2026-07-22,CAMPSA,gasoleo_premium,1.876,29
2026-07-22,CAMPSA,gasolina_95_e5,1.6897,56
2026-07-22,CAMPSA,gasolina_98_e5,1.8491,29
2026-07-22,CAMPSA,glp,1.071,3
2026-07-22,CARREFOUR,gasoleo_a,1.7165,146
2026-07-22,CARREFOUR,gasoleo_premium,1.7579,131
2026-07-22,CARREFOUR,gasolina_95_e5,1.6511,146
2026-07-22,CARREFOUR,gasolina_98_e5,1.8214,116
2026-07-22,CEPSA,gasoleo_a,1.7695,583
2026-07-22,CEPSA,gasoleo_premium,1.8638,536
2026-07-22,CEPSA,gasolina_95_e5,1.6908,576
2026-07-22,CEPSA,gasolina_98_e5,1.8165,283
2026-07-22,CEPSA,glp,1.1169,26
2026-07-22,ESCLATOIL,gasoleo_a,1.5822,71
2026-07-22,ESCLATOIL,gasoleo_premium,1.6302,32
2026-07-22,ESCLATOIL,gasolina_95_e5,1.4815,71
2026-07-22,GALP,gasoleo_a,1.7228,461
2026-07-22,GALP,gasoleo_premium,1.7904,385
2026-07-22,GALP,gasolina_95_e5,1.6568,458
2026-07-22,GALP,gasolina_98_e5,1.8041,223
2026-07-22,GALP,glp,1.03,41
2026-07-22,MOEVE,gasoleo_a,1.7843,588
2026-07-22,MOEVE,gasoleo_premium,1.8771,527
2026-07-22,MOEVE,gasolina_95_e5,1.6988,578
2026-07-22,MOEVE,gasolina_98_e5,1.817,270
2026-07-22,MOEVE,glp,1.1069,68
2026-07-22,PETRONOR,gasoleo_a,1.7854,162
2026-07-22,PETRONOR,gasoleo_premium,1.864,81
2026-07-22,PETRONOR,gasolina_95_e5,1.7099,162
2026-07-22,PETRONOR,gasolina_98_e5,1.8569,106
2026-07-22,PETRONOR,glp,1.103,12
2026-07-22,PETROPRIX,gasoleo_a,1.5424,177
2026-07-22,PETROPRIX,gasolina_95_e5,1.5043,177
2026-07-22,PLENERGY,gasoleo_a,1.5711,388
2026-07-22,PLENERGY,gasolina_95_e5,1.5304,388
2026-07-22,Q8,gasoleo_a,1.6873,85
2026-07-22,Q8,gasoleo_premium,1.7564,36
2026-07-22,Q8,gasolina_95_e5,1.6164,84
2026-07-22,Q8,gasolina_98_e5,1.6877,49
2026-07-22,Q8,glp,1.062,2
2026-07-22,REPSOL,gasoleo_a,1.7876,2762
2026-07-22,REPSOL,gasoleo_premium,1.8675,1244
2026-07-22,REPSOL,gasolina_95_e5,1.7064,2755
2026-07-22,REPSOL,gasolina_98_e5,1.8532,2182
2026-07-22,REPSOL,glp,1.0838,408
2026-07-22,SHELL,gasoleo_a,1.6962,344
2026-07-22,SHELL,gasoleo_premium,1.7902,294
2026-07-22,SHELL,gasolina_95_e5,1.6359,344
2026-07-22,SHELL,gasolina_98_e5,1.7938,269
2026-07-22,SHELL,glp,1.009,62
2026-07-23,AVIA,gasoleo_a,1.7057,102
2026-07-23,AVIA,gasoleo_premium,1.7876,57
2026-07-23,AVIA,gasolina_95_e5,1.646,101
2026-07-23,AVIA,gasolina_98_e5,1.7956,52
2026-07-23,AVIA,glp,0.9855,11
2026-07-23,BALLENOIL,gasoleo_a,1.5791,399
2026-07-23,BALLENOIL,gasoleo_premium,1.5929,271
2026-07-23,BALLENOIL,gasolina_95_e5,1.5352,399
2026-07-23,BALLENOIL,glp,1.083,1
2026-07-23,BP,gasoleo_a,1.7698,150
2026-07-23,BP,gasoleo_premium,1.8618,144
2026-07-23,BP,gasolina_95_e5,1.7031,150
2026-07-23,BP,gasolina_98_e5,1.8457,125
2026-07-23,BP,glp,1.0012,5
2026-07-23,CAMPSA,gasoleo_a,1.8044,56
2026-07-23,CAMPSA,gasoleo_premium,1.8856,28
2026-07-23,CAMPSA,gasolina_95_e5,1.6943,56
2026-07-23,CAMPSA,gasolina_98_e5,1.8533,29
2026-07-23,CAMPSA,glp,1.071,3
2026-07-23,CARREFOUR,gasoleo_a,1.7288,146
2026-07-23,CARREFOUR,gasoleo_premium,1.77,131
2026-07-23,CARREFOUR,gasolina_95_e5,1.6589,146
2026-07-23,CARREFOUR,gasolina_98_e5,1.828,116
2026-07-23,CEPSA,gasoleo_a,1.7839,582
2026-07-23,CEPSA,gasoleo_premium,1.8771,535
2026-07-23,CEPSA,gasolina_95_e5,1.696,575
2026-07-23,CEPSA,gasolina_98_e5,1.82,281
2026-07-23,CEPSA,glp,1.1173,26
2026-07-23,ESCLATOIL,gasoleo_a,1.5822,71
2026-07-23,ESCLATOIL,gasoleo_premium,1.6302,32
2026-07-23,ESCLATOIL,gasolina_95_e5,1.4815,71
2026-07-23,GALP,gasoleo_a,1.7392,461
2026-07-23,GALP,gasoleo_premium,1.8077,385
2026-07-23,GALP,gasolina_95_e5,1.6664,458
2026-07-23,GALP,gasolina_98_e5,1.8122,223
2026-07-23,GALP,glp,1.0292,41
2026-07-23,MOEVE,gasoleo_a,1.7974,590
2026-07-23,MOEVE,gasoleo_premium,1.8917,528
2026-07-23,MOEVE,gasolina_95_e5,1.7,580
2026-07-23,MOEVE,gasolina_98_e5,1.8187,270
2026-07-23,MOEVE,glp,1.1142,68
2026-07-23,PETRONOR,gasoleo_a,1.795,162
2026-07-23,PETRONOR,gasoleo_premium,1.8736,81
2026-07-23,PETRONOR,gasolina_95_e5,1.7161,162
2026-07-23,PETRONOR,gasolina_98_e5,1.8643,106
2026-07-23,PETRONOR,glp,1.103,12
2026-07-23,PETROPRIX,gasoleo_a,1.555,177
2026-07-23,PETROPRIX,gasolina_95_e5,1.5159,177
2026-07-23,PLENERGY,gasoleo_a,1.5896,388
2026-07-23,PLENERGY,gasolina_95_e5,1.5482,388
2026-07-23,Q8,gasoleo_a,1.6879,85
2026-07-23,Q8,gasoleo_premium,1.7575,36
2026-07-23,Q8,gasolina_95_e5,1.6167,84
2026-07-23,Q8,gasolina_98_e5,1.6877,49
2026-07-23,Q8,glp,1.062,2
2026-07-23,REPSOL,gasoleo_a,1.7983,2762
2026-07-23,REPSOL,gasoleo_premium,1.8783,1242
2026-07-23,REPSOL,gasolina_95_e5,1.7125,2755
2026-07-23,REPSOL,gasolina_98_e5,1.8586,2182
2026-07-23,REPSOL,glp,1.0839,408
2026-07-23,SHELL,gasoleo_a,1.7152,344
2026-07-23,SHELL,gasoleo_premium,1.8088,294
2026-07-23,SHELL,gasolina_95_e5,1.6479,344
2026-07-23,SHELL,gasolina_98_e5,1.805,269
2026-07-23,SHELL,glp,1.0077,62
2026-07-24,AVIA,gasoleo_a,1.7218,102
2026-07-24,AVIA,gasoleo_premium,1.801,57
2026-07-24,AVIA,gasolina_95_e5,1.6563,101
2026-07-24,AVIA,gasolina_98_e5,1.8048,52
2026-07-24,AVIA,glp,0.9855,11
2026-07-24,BALLENOIL,gasoleo_a,1.6155,399
2026-07-24,BALLENOIL,gasoleo_premium,1.6292,271
2026-07-24,BALLENOIL,gasolina_95_e5,1.5658,399
2026-07-24,BALLENOIL,glp,1.083,1
2026-07-24,BP,gasoleo_a,1.7891,150
2026-07-24,BP,gasoleo_premium,1.8804,144
2026-07-24,BP,gasolina_95_e5,1.7125,150
2026-07-24,BP,gasolina_98_e5,1.8545,125
2026-07-24,BP,glp,1.0012,5
2026-07-24,CAMPSA,gasoleo_a,1.8149,57
2026-07-24,CAMPSA,gasoleo_premium,1.9034,29
2026-07-24,CAMPSA,gasolina_95_e5,1.6983,57
2026-07-24,CAMPSA,gasolina_98_e5,1.8648,29
2026-07-24,CAMPSA,glp,1.071,3
2026-07-24,CARREFOUR,gasoleo_a,1.7671,146
2026-07-24,CARREFOUR,gasoleo_premium,1.8082,131
2026-07-24,CARREFOUR,gasolina_95_e5,1.6854,146
2026-07-24,CARREFOUR,gasolina_98_e5,1.8381,116
2026-07-24,CEPSA,gasoleo_a,1.797,580
2026-07-24,CEPSA,gasoleo_premium,1.8889,533
2026-07-24,CEPSA,gasolina_95_e5,1.7057,573
2026-07-24,CEPSA,gasolina_98_e5,1.827,281
2026-07-24,CEPSA,glp,1.1177,26
2026-07-24,ESCLATOIL,gasoleo_a,1.6311,71
2026-07-24,ESCLATOIL,gasoleo_premium,1.6778,32
2026-07-24,ESCLATOIL,gasolina_95_e5,1.5235,71
2026-07-24,GALP,gasoleo_a,1.7558,461
2026-07-24,GALP,gasoleo_premium,1.8244,385
2026-07-24,GALP,gasolina_95_e5,1.6752,458
2026-07-24,GALP,gasolina_98_e5,1.8193,223
2026-07-24,GALP,glp,1.0292,41
2026-07-24,MOEVE,gasoleo_a,1.8113,590
2026-07-24,MOEVE,gasoleo_premium,1.9048,528
2026-07-24,MOEVE,gasolina_95_e5,1.7118,580
2026-07-24,MOEVE,gasolina_98_e5,1.8302,270
2026-07-24,MOEVE,glp,1.1149,68
2026-07-24,PETRONOR,gasoleo_a,1.809,161
2026-07-24,PETRONOR,gasoleo_premium,1.8922,80
2026-07-24,PETRONOR,gasolina_95_e5,1.7233,161
2026-07-24,PETRONOR,gasolina_98_e5,1.8771,106
2026-07-24,PETRONOR,glp,1.103,12
2026-07-24,PETROPRIX,gasoleo_a,1.6066,177
2026-07-24,PETROPRIX,gasolina_95_e5,1.5657,177
2026-07-24,PLENERGY,gasoleo_a,1.6267,388
2026-07-24,PLENERGY,gasolina_95_e5,1.5814,388
2026-07-24,Q8,gasoleo_a,1.7239,85
2026-07-24,Q8,gasoleo_premium,1.7994,36
2026-07-24,Q8,gasolina_95_e5,1.6447,84
2026-07-24,Q8,gasolina_98_e5,1.7189,49
2026-07-24,Q8,glp,1.062,2
2026-07-24,REPSOL,gasoleo_a,1.81,2762
2026-07-24,REPSOL,gasoleo_premium,1.8958,1239
2026-07-24,REPSOL,gasolina_95_e5,1.7184,2755
2026-07-24,REPSOL,gasolina_98_e5,1.8713,2182
2026-07-24,REPSOL,glp,1.0842,407
2026-07-24,SHELL,gasoleo_a,1.7317,344
2026-07-24,SHELL,gasoleo_premium,1.8237,294
2026-07-24,SHELL,gasolina_95_e5,1.6596,344
2026-07-24,SHELL,gasolina_98_e5,1.8151,269
2026-07-24,SHELL,glp,1.0077,62
2026-07-25,AVIA,gasoleo_a,1.7339,102
2026-07-25,AVIA,gasoleo_premium,1.8106,57
2026-07-25,AVIA,gasolina_95_e5,1.6632,101
2026-07-25,AVIA,gasolina_98_e5,1.8083,52
2026-07-25,AVIA,glp,0.9855,11
2026-07-25,BALLENOIL,gasoleo_a,1.6188,401
2026-07-25,BALLENOIL,gasoleo_premium,1.6334,273
2026-07-25,BALLENOIL,gasolina_95_e5,1.5683,401
2026-07-25,BALLENOIL,glp,1.083,1
2026-07-25,BP,gasoleo_a,1.8019,150
2026-07-25,BP,gasoleo_premium,1.892,144
2026-07-25,BP,gasolina_95_e5,1.7196,150
2026-07-25,BP,gasolina_98_e5,1.8617,125
2026-07-25,BP,glp,1.0012,5
2026-07-25,CAMPSA,gasoleo_a,1.8383,57
2026-07-25,CAMPSA,gasoleo_premium,1.9184,29
2026-07-25,CAMPSA,gasolina_95_e5,1.7071,57
2026-07-25,CAMPSA,gasolina_98_e5,1.8659,29
2026-07-25,CAMPSA,glp,1.071,3
2026-07-25,CARREFOUR,gasoleo_a,1.7675,146
2026-07-25,CARREFOUR,gasoleo_premium,1.8092,131
2026-07-25,CARREFOUR,gasolina_95_e5,1.6853,146
2026-07-25,CARREFOUR,gasolina_98_e5,1.8384,116
2026-07-25,CEPSA,gasoleo_a,1.8137,578
2026-07-25,CEPSA,gasoleo_premium,1.9051,531
2026-07-25,CEPSA,gasolina_95_e5,1.7156,571
2026-07-25,CEPSA,gasolina_98_e5,1.8348,281
2026-07-25,CEPSA,glp,1.1193,26
2026-07-25,ESCLATOIL,gasoleo_a,1.6311,71
2026-07-25,ESCLATOIL,gasoleo_premium,1.6778,32
2026-07-25,ESCLATOIL,gasolina_95_e5,1.5235,71
2026-07-25,GALP,gasoleo_a,1.7749,461
2026-07-25,GALP,gasoleo_premium,1.844,385
2026-07-25,GALP,gasolina_95_e5,1.6865,458
2026-07-25,GALP,gasolina_98_e5,1.8344,223
2026-07-25,GALP,glp,1.0316,41
2026-07-25,MOEVE,gasoleo_a,1.834,591
2026-07-25,MOEVE,gasoleo_premium,1.9288,528
2026-07-25,MOEVE,gasolina_95_e5,1.7261,581
2026-07-25,MOEVE,gasolina_98_e5,1.8425,271
2026-07-25,MOEVE,glp,1.1149,68
2026-07-25,PETRONOR,gasoleo_a,1.8348,161
2026-07-25,PETRONOR,gasoleo_premium,1.9098,80
2026-07-25,PETRONOR,gasolina_95_e5,1.7338,161
2026-07-25,PETRONOR,gasolina_98_e5,1.8808,106
2026-07-25,PETRONOR,glp,1.103,12
2026-07-25,PETROPRIX,gasoleo_a,1.5958,177
2026-07-25,PETROPRIX,gasolina_95_e5,1.5499,177
2026-07-25,PLENERGY,gasoleo_a,1.6207,388
2026-07-25,PLENERGY,gasolina_95_e5,1.5704,388
2026-07-25,Q8,gasoleo_a,1.7246,85
2026-07-25,Q8,gasoleo_premium,1.8,36
2026-07-25,Q8,gasolina_95_e5,1.645,84
2026-07-25,Q8,gasolina_98_e5,1.7189,49
2026-07-25,Q8,glp,1.062,2
2026-07-25,REPSOL,gasoleo_a,1.8358,2760
2026-07-25,REPSOL,gasoleo_premium,1.9144,1238
2026-07-25,REPSOL,gasolina_95_e5,1.7285,2753
2026-07-25,REPSOL,gasolina_98_e5,1.8734,2180
2026-07-25,REPSOL,glp,1.0841,406
2026-07-25,SHELL,gasoleo_a,1.7406,344
2026-07-25,SHELL,gasoleo_premium,1.833,294
2026-07-25,SHELL,gasolina_95_e5,1.6651,344
2026-07-25,SHELL,gasolina_98_e5,1.8207,269
2026-07-25,SHELL,glp,1.0077,62
2026-07-26,AVIA,gasoleo_a,1.7352,102
2026-07-26,AVIA,gasoleo_premium,1.8118,57
2026-07-26,AVIA,gasolina_95_e5,1.6634,101
2026-07-26,AVIA,gasolina_98_e5,1.8083,52
2026-07-26,AVIA,glp,0.9855,11
2026-07-26,BALLENOIL,gasoleo_a,1.6189,401
2026-07-26,BALLENOIL,gasoleo_premium,1.6334,273
2026-07-26,BALLENOIL,gasolina_95_e5,1.5681,401
2026-07-26,BALLENOIL,glp,1.083,1
2026-07-26,BP,gasoleo_a,1.8058,150
2026-07-26,BP,gasoleo_premium,1.8962,144
2026-07-26,BP,gasolina_95_e5,1.7218,150
2026-07-26,BP,gasolina_98_e5,1.8643,125
2026-07-26,BP,glp,1.0012,5
2026-07-26,CAMPSA,gasoleo_a,1.8397,57
2026-07-26,CAMPSA,gasoleo_premium,1.9207,29
2026-07-26,CAMPSA,gasolina_95_e5,1.7076,57
2026-07-26,CAMPSA,gasolina_98_e5,1.8652,29
2026-07-26,CAMPSA,glp,1.071,3
2026-07-26,CARREFOUR,gasoleo_a,1.7675,146
2026-07-26,CARREFOUR,gasoleo_premium,1.8092,131
2026-07-26,CARREFOUR,gasolina_95_e5,1.6853,146
2026-07-26,CARREFOUR,gasolina_98_e5,1.8384,116
2026-07-26,CEPSA,gasoleo_a,1.8159,578
2026-07-26,CEPSA,gasoleo_premium,1.9075,531
2026-07-26,CEPSA,gasolina_95_e5,1.7171,571
2026-07-26,CEPSA,gasolina_98_e5,1.8359,281
2026-07-26,CEPSA,glp,1.1193,26
2026-07-26,ESCLATOIL,gasoleo_a,1.6311,71
2026-07-26,ESCLATOIL,gasoleo_premium,1.6778,32
2026-07-26,ESCLATOIL,gasolina_95_e5,1.5235,71
2026-07-26,GALP,gasoleo_a,1.7787,461
2026-07-26,GALP,gasoleo_premium,1.8479,385
2026-07-26,GALP,gasolina_95_e5,1.6883,458
2026-07-26,GALP,gasolina_98_e5,1.839,223
2026-07-26,GALP,glp,1.034,41
2026-07-26,MOEVE,gasoleo_a,1.8354,591
2026-07-26,MOEVE,gasoleo_premium,1.9303,528
2026-07-26,MOEVE,gasolina_95_e5,1.7269,581
2026-07-26,MOEVE,gasolina_98_e5,1.8435,271
2026-07-26,MOEVE,glp,1.1149,68
2026-07-26,PETRONOR,gasoleo_a,1.8357,161
2026-07-26,PETRONOR,gasoleo_premium,1.912,80
2026-07-26,PETRONOR,gasolina_95_e5,1.7334,161
2026-07-26,PETRONOR,gasolina_98_e5,1.8804,106
2026-07-26,PETRONOR,glp,1.103,12
2026-07-26,PETROPRIX,gasoleo_a,1.5964,177
2026-07-26,PETROPRIX,gasolina_95_e5,1.5505,177
2026-07-26,PLENERGY,gasoleo_a,1.6212,388
2026-07-26,PLENERGY,gasolina_95_e5,1.5695,388
2026-07-26,Q8,gasoleo_a,1.7436,85
2026-07-26,Q8,gasoleo_premium,1.8161,36
2026-07-26,Q8,gasolina_95_e5,1.656,84
2026-07-26,Q8,gasolina_98_e5,1.7311,49
2026-07-26,Q8,glp,1.062,2
2026-07-26,REPSOL,gasoleo_a,1.8369,2760
2026-07-26,REPSOL,gasoleo_premium,1.9151,1238
2026-07-26,REPSOL,gasolina_95_e5,1.7294,2753
2026-07-26,REPSOL,gasolina_98_e5,1.8739,2180
2026-07-26,REPSOL,glp,1.0841,406
2026-07-26,SHELL,gasoleo_a,1.7411,344
2026-07-26,SHELL,gasoleo_premium,1.8337,294
2026-07-26,SHELL,gasolina_95_e5,1.6654,344
2026-07-26,SHELL,gasolina_98_e5,1.8209,269
2026-07-26,SHELL,glp,1.0077,62
2026-07-27,AVIA,gasoleo_a,1.7513,102
2026-07-27,AVIA,gasoleo_premium,1.8304,57
2026-07-27,AVIA,gasolina_95_e5,1.6684,101
2026-07-27,AVIA,gasolina_98_e5,1.8127,52
2026-07-27,AVIA,glp,0.9855,11
2026-07-27,BALLENOIL,gasoleo_a,1.6316,401
2026-07-27,BALLENOIL,gasoleo_premium,1.6467,273
2026-07-27,BALLENOIL,gasolina_95_e5,1.5757,401
2026-07-27,BALLENOIL,glp,1.083,1
2026-07-27,BP,gasoleo_a,1.8112,150
2026-07-27,BP,gasoleo_premium,1.9013,144
2026-07-27,BP,gasolina_95_e5,1.7246,150
2026-07-27,BP,gasolina_98_e5,1.866,125
2026-07-27,BP,glp,1.0012,5
2026-07-27,CAMPSA,gasoleo_a,1.843,57
2026-07-27,CAMPSA,gasoleo_premium,1.9241,29
2026-07-27,CAMPSA,gasolina_95_e5,1.7089,57
2026-07-27,CAMPSA,gasolina_98_e5,1.8673,29
2026-07-27,CAMPSA,glp,1.071,3
2026-07-27,CARREFOUR,gasoleo_a,1.782,146
2026-07-27,CARREFOUR,gasoleo_premium,1.8234,131
2026-07-27,CARREFOUR,gasolina_95_e5,1.6897,146
2026-07-27,CARREFOUR,gasolina_98_e5,1.8465,116
2026-07-27,CEPSA,gasoleo_a,1.8263,575
2026-07-27,CEPSA,gasoleo_premium,1.9167,528
2026-07-27,CEPSA,gasolina_95_e5,1.7225,568
2026-07-27,CEPSA,gasolina_98_e5,1.8412,280
2026-07-27,CEPSA,glp,1.0873,16
2026-07-27,ESCLATOIL,gasoleo_a,1.6311,71
2026-07-27,ESCLATOIL,gasoleo_premium,1.6778,32
2026-07-27,ESCLATOIL,gasolina_95_e5,1.5235,71
2026-07-27,GALP,gasoleo_a,1.7819,461
2026-07-27,GALP,gasoleo_premium,1.8504,385
2026-07-27,GALP,gasolina_95_e5,1.6899,458
2026-07-27,GALP,gasolina_98_e5,1.8345,223
2026-07-27,GALP,glp,1.034,41
2026-07-27,MOEVE,gasoleo_a,1.8373,587
2026-07-27,MOEVE,gasoleo_premium,1.9317,524
2026-07-27,MOEVE,gasolina_95_e5,1.7267,578
2026-07-27,MOEVE,gasolina_98_e5,1.8428,271
2026-07-27,MOEVE,glp,1.0429,21
2026-07-27,PETRONOR,gasoleo_a,1.8388,161
2026-07-27,PETRONOR,gasoleo_premium,1.9182,80
2026-07-27,PETRONOR,gasolina_95_e5,1.7348,161
2026-07-27,PETRONOR,gasolina_98_e5,1.8824,106
2026-07-27,PETRONOR,glp,1.103,12
2026-07-27,PETROPRIX,gasoleo_a,1.6122,177
2026-07-27,PETROPRIX,gasolina_95_e5,1.5578,177
2026-07-27,PLENERGY,gasoleo_a,1.6418,388
2026-07-27,PLENERGY,gasolina_95_e5,1.5801,388
2026-07-27,Q8,gasoleo_a,1.754,85
2026-07-27,Q8,gasoleo_premium,1.8258,36
2026-07-27,Q8,gasolina_95_e5,1.6609,84
2026-07-27,Q8,gasolina_98_e5,1.7401,49
2026-07-27,Q8,glp,1.062,2
2026-07-27,REPSOL,gasoleo_a,1.8378,2760
2026-07-27,REPSOL,gasoleo_premium,1.9173,1238
2026-07-27,REPSOL,gasolina_95_e5,1.7289,2753
2026-07-27,REPSOL,gasolina_98_e5,1.8747,2180
2026-07-27,REPSOL,glp,1.0841,406
2026-07-27,SHELL,gasoleo_a,1.762,344
2026-07-27,SHELL,gasoleo_premium,1.855,294
2026-07-27,SHELL,gasolina_95_e5,1.6768,344
2026-07-27,SHELL,gasolina_98_e5,1.8319,269
2026-07-27,SHELL,glp,1.0083,63
2026-07-28,AVIA,gasoleo_a,1.7557,102
2026-07-28,AVIA,gasoleo_premium,1.836,57
2026-07-28,AVIA,gasolina_95_e5,1.6704,101
2026-07-28,AVIA,gasolina_98_e5,1.8168,52
2026-07-28,AVIA,glp,0.9855,11
2026-07-28,BALLENOIL,gasoleo_a,1.6343,401
2026-07-28,BALLENOIL,gasoleo_premium,1.6495,267
2026-07-28,BALLENOIL,gasolina_95_e5,1.5774,401
2026-07-28,BALLENOIL,glp,1.083,1
2026-07-28,BP,gasoleo_a,1.82,150
2026-07-28,BP,gasoleo_premium,1.9107,144
2026-07-28,BP,gasolina_95_e5,1.7291,150
2026-07-28,BP,gasolina_98_e5,1.8702,125
2026-07-28,BP,glp,1.0012,5
2026-07-28,CAMPSA,gasoleo_a,1.845,57
2026-07-28,CAMPSA,gasoleo_premium,1.925,29
2026-07-28,CAMPSA,gasolina_95_e5,1.7117,57
2026-07-28,CAMPSA,gasolina_98_e5,1.8708,29
2026-07-28,CAMPSA,glp,1.071,3
2026-07-28,CARREFOUR,gasoleo_a,1.7825,146
2026-07-28,CARREFOUR,gasoleo_premium,1.8235,131
2026-07-28,CARREFOUR,gasolina_95_e5,1.6878,146
2026-07-28,CARREFOUR,gasolina_98_e5,1.8467,116
2026-07-28,CEPSA,gasoleo_a,1.8291,575
2026-07-28,CEPSA,gasoleo_premium,1.92,528
2026-07-28,CEPSA,gasolina_95_e5,1.7229,568
2026-07-28,CEPSA,gasolina_98_e5,1.8425,281
2026-07-28,CEPSA,glp,1.121,26
2026-07-28,ESCLATOIL,gasoleo_a,1.6311,71
2026-07-28,ESCLATOIL,gasoleo_premium,1.6778,32
2026-07-28,ESCLATOIL,gasolina_95_e5,1.5235,71
2026-07-28,GALP,gasoleo_a,1.7864,460
2026-07-28,GALP,gasoleo_premium,1.8556,384
2026-07-28,GALP,gasolina_95_e5,1.6919,457
2026-07-28,GALP,gasolina_98_e5,1.8368,223
2026-07-28,GALP,glp,1.0339,41
2026-07-28,MOEVE,gasoleo_a,1.839,585
2026-07-28,MOEVE,gasoleo_premium,1.933,523
2026-07-28,MOEVE,gasolina_95_e5,1.7259,575
2026-07-28,MOEVE,gasolina_98_e5,1.842,271
2026-07-28,MOEVE,glp,1.1167,68
2026-07-28,PETRONOR,gasoleo_a,1.8393,162
2026-07-28,PETRONOR,gasoleo_premium,1.9175,81
2026-07-28,PETRONOR,gasolina_95_e5,1.7366,162
2026-07-28,PETRONOR,gasolina_98_e5,1.8849,106
2026-07-28,PETRONOR,glp,1.103,12
2026-07-28,PETROPRIX,gasoleo_a,1.6127,177
2026-07-28,PETROPRIX,gasolina_95_e5,1.5584,177
2026-07-28,PLENERGY,gasoleo_a,1.6396,388
2026-07-28,PLENERGY,gasolina_95_e5,1.5773,388
2026-07-28,Q8,gasoleo_a,1.7574,85
2026-07-28,Q8,gasoleo_premium,1.8283,36
2026-07-28,Q8,gasolina_95_e5,1.6628,84
2026-07-28,Q8,gasolina_98_e5,1.7411,49
2026-07-28,Q8,glp,1.062,2
2026-07-28,REPSOL,gasoleo_a,1.8394,2759
2026-07-28,REPSOL,gasoleo_premium,1.9189,1235
2026-07-28,REPSOL,gasolina_95_e5,1.7293,2752
2026-07-28,REPSOL,gasolina_98_e5,1.8746,2180
2026-07-28,REPSOL,glp,1.0841,406
2026-07-28,SHELL,gasoleo_a,1.7661,344
2026-07-28,SHELL,gasoleo_premium,1.8591,294
2026-07-28,SHELL,gasolina_95_e5,1.6793,344
2026-07-28,SHELL,gasolina_98_e5,1.8345,269
2026-07-28,SHELL,glp,1.0075,63
2026-07-29,AVIA,gasoleo_a,1.7611,101
2026-07-29,AVIA,gasoleo_premium,1.8394,57
2026-07-29,AVIA,gasolina_95_e5,1.6733,100
2026-07-29,AVIA,gasolina_98_e5,1.8201,52
2026-07-29,AVIA,glp,0.9855,11
2026-07-29,BALLENOIL,gasoleo_a,1.6364,401
2026-07-29,BALLENOIL,gasoleo_premium,1.6527,272
2026-07-29,BALLENOIL,gasolina_95_e5,1.5787,401
2026-07-29,BALLENOIL,glp,1.083,1
2026-07-29,BP,gasoleo_a,1.8241,150
2026-07-29,BP,gasoleo_premium,1.9158,144
2026-07-29,BP,gasolina_95_e5,1.7293,150
2026-07-29,BP,gasolina_98_e5,1.8709,125
2026-07-29,BP,glp,1.0012,5
2026-07-29,CAMPSA,gasoleo_a,1.8451,57
2026-07-29,CAMPSA,gasoleo_premium,1.924,29
2026-07-29,CAMPSA,gasolina_95_e5,1.7115,57
2026-07-29,CAMPSA,gasolina_98_e5,1.8728,29
2026-07-29,CAMPSA,glp,1.0757,3
2026-07-29,CARREFOUR,gasoleo_a,1.7802,146
2026-07-29,CARREFOUR,gasoleo_premium,1.8209,131
2026-07-29,CARREFOUR,gasolina_95_e5,1.6862,146
2026-07-29,CARREFOUR,gasolina_98_e5,1.8468,116
2026-07-29,CEPSA,gasoleo_a,1.8329,576
2026-07-29,CEPSA,gasoleo_premium,1.9249,529
2026-07-29,CEPSA,gasolina_95_e5,1.7282,569
2026-07-29,CEPSA,gasolina_98_e5,1.8465,282
2026-07-29,CEPSA,glp,1.1222,26
2026-07-29,ESCLATOIL,gasoleo_a,1.6531,71
2026-07-29,ESCLATOIL,gasoleo_premium,1.6978,32
2026-07-29,ESCLATOIL,gasolina_95_e5,1.5186,71
2026-07-29,GALP,gasoleo_a,1.7892,460
2026-07-29,GALP,gasoleo_premium,1.8581,384
2026-07-29,GALP,gasolina_95_e5,1.6933,457
2026-07-29,GALP,gasolina_98_e5,1.8373,223
2026-07-29,GALP,glp,1.0391,41
2026-07-29,MOEVE,gasoleo_a,1.8421,585
2026-07-29,MOEVE,gasoleo_premium,1.9362,524
2026-07-29,MOEVE,gasolina_95_e5,1.7313,575
2026-07-29,MOEVE,gasolina_98_e5,1.847,272
2026-07-29,MOEVE,glp,1.1167,68
2026-07-29,PETRONOR,gasoleo_a,1.8399,162
2026-07-29,PETRONOR,gasoleo_premium,1.9198,81
2026-07-29,PETRONOR,gasolina_95_e5,1.7357,162
2026-07-29,PETRONOR,gasolina_98_e5,1.8836,106
2026-07-29,PETRONOR,glp,1.1147,12
2026-07-29,PETROPRIX,gasoleo_a,1.6119,177
2026-07-29,PETROPRIX,gasolina_95_e5,1.5564,177
2026-07-29,PLENERGY,gasoleo_a,1.6376,388
2026-07-29,PLENERGY,gasolina_95_e5,1.573,388
2026-07-29,Q8,gasoleo_a,1.7604,85
2026-07-29,Q8,gasoleo_premium,1.8286,36
2026-07-29,Q8,gasolina_95_e5,1.6658,84
2026-07-29,Q8,gasolina_98_e5,1.7436,49
2026-07-29,Q8,glp,1.062,2
2026-07-29,REPSOL,gasoleo_a,1.8408,2760
2026-07-29,REPSOL,gasoleo_premium,1.9201,1234
2026-07-29,REPSOL,gasolina_95_e5,1.7296,2753
2026-07-29,REPSOL,gasolina_98_e5,1.8752,2179
2026-07-29,REPSOL,glp,1.0916,407
2026-07-29,SHELL,gasoleo_a,1.7714,343
2026-07-29,SHELL,gasoleo_premium,1.8636,293
2026-07-29,SHELL,gasolina_95_e5,1.6822,343
2026-07-29,SHELL,gasolina_98_e5,1.8378,268
2026-07-29,SHELL,glp,1.0075,63
2026-07-30,AVIA,gasoleo_a,1.7643,101
2026-07-30,AVIA,gasoleo_premium,1.8445,57
2026-07-30,AVIA,gasolina_95_e5,1.6751,100
2026-07-30,AVIA,gasolina_98_e5,1.8239,52
2026-07-30,AVIA,glp,0.9855,11
2026-07-30,BALLENOIL,gasoleo_a,1.6466,401
2026-07-30,BALLENOIL,gasoleo_premium,1.6644,271
2026-07-30,BALLENOIL,gasolina_95_e5,1.581,401
2026-07-30,BALLENOIL,glp,1.083,1
2026-07-30,BP,gasoleo_a,1.8282,150
2026-07-30,BP,gasoleo_premium,1.9197,144
2026-07-30,BP,gasolina_95_e5,1.7319,150
2026-07-30,BP,gasolina_98_e5,1.8729,125
2026-07-30,BP,glp,1.0012,5
2026-07-30,CAMPSA,gasoleo_a,1.8478,57
2026-07-30,CAMPSA,gasoleo_premium,1.924,29
2026-07-30,CAMPSA,gasolina_95_e5,1.7141,57
2026-07-30,CAMPSA,gasolina_98_e5,1.8722,29
2026-07-30,CAMPSA,glp,1.0757,3
2026-07-30,CARREFOUR,gasoleo_a,1.7854,146
2026-07-30,CARREFOUR,gasoleo_premium,1.826,131
2026-07-30,CARREFOUR,gasolina_95_e5,1.6895,146
2026-07-30,CARREFOUR,gasolina_98_e5,1.8477,116
2026-07-30,CEPSA,gasoleo_a,1.8335,579
2026-07-30,CEPSA,gasoleo_premium,1.9261,532
2026-07-30,CEPSA,gasolina_95_e5,1.7288,572
2026-07-30,CEPSA,gasolina_98_e5,1.8447,282
2026-07-30,CEPSA,glp,1.1222,26
2026-07-30,ESCLATOIL,gasoleo_a,1.6531,71
2026-07-30,ESCLATOIL,gasoleo_premium,1.6978,32
2026-07-30,ESCLATOIL,gasolina_95_e5,1.5186,71
2026-07-30,GALP,gasoleo_a,1.7929,460
2026-07-30,GALP,gasoleo_premium,1.8612,384
2026-07-30,GALP,gasolina_95_e5,1.693,457
2026-07-30,GALP,gasolina_98_e5,1.8369,223
2026-07-30,GALP,glp,1.0391,41
2026-07-30,MOEVE,gasoleo_a,1.8429,585
2026-07-30,MOEVE,gasoleo_premium,1.9392,524
2026-07-30,MOEVE,gasolina_95_e5,1.7315,575
2026-07-30,MOEVE,gasolina_98_e5,1.8464,272
2026-07-30,MOEVE,glp,1.1167,68
2026-07-30,PETRONOR,gasoleo_a,1.8418,162
2026-07-30,PETRONOR,gasoleo_premium,1.9212,81
2026-07-30,PETRONOR,gasolina_95_e5,1.7362,162
2026-07-30,PETRONOR,gasolina_98_e5,1.8844,106
2026-07-30,PETRONOR,glp,1.1147,12
2026-07-30,PETROPRIX,gasoleo_a,1.6291,177
2026-07-30,PETROPRIX,gasolina_95_e5,1.5641,177
2026-07-30,PLENERGY,gasoleo_a,1.6534,388
2026-07-30,PLENERGY,gasolina_95_e5,1.5788,388
2026-07-30,Q8,gasoleo_a,1.7664,85
2026-07-30,Q8,gasoleo_premium,1.835,36
2026-07-30,Q8,gasolina_95_e5,1.6687,84
2026-07-30,Q8,gasolina_98_e5,1.7448,49
2026-07-30,Q8,glp,1.062,2
2026-07-30,REPSOL,gasoleo_a,1.8419,2761
2026-07-30,REPSOL,gasoleo_premium,1.9212,1235
2026-07-30,REPSOL,gasolina_95_e5,1.7299,2754
2026-07-30,REPSOL,gasolina_98_e5,1.8752,2179
2026-07-30,REPSOL,glp,1.0917,407
2026-07-30,SHELL,gasoleo_a,1.7766,343
2026-07-30,SHELL,gasoleo_premium,1.8674,293
2026-07-30,SHELL,gasolina_95_e5,1.6846,343
2026-07-30,SHELL,gasolina_98_e5,1.8396,268
2026-07-30,SHELL,glp,1.0079,63
2026-07-31,AVIA,gasoleo_a,1.7769,101
2026-07-31,AVIA,gasoleo_premium,1.8579,57
2026-07-31,AVIA,gasolina_95_e5,1.679,100
2026-07-31,AVIA,gasolina_98_e5,1.8291,52
2026-07-31,AVIA,glp,0.9874,11
2026-07-31,BALLENOIL,gasoleo_a,1.673,402
2026-07-31,BALLENOIL,gasoleo_premium,1.6882,274
2026-07-31,BALLENOIL,gasolina_95_e5,1.5992,402
2026-07-31,BALLENOIL,glp,1.083,1
2026-07-31,BP,gasoleo_a,1.8477,150
2026-07-31,BP,gasoleo_premium,1.9379,144
2026-07-31,BP,gasolina_95_e5,1.7371,150
2026-07-31,BP,gasolina_98_e5,1.8791,125
2026-07-31,BP,glp,1.0032,5
2026-07-31,CAMPSA,gasoleo_a,1.8717,57
2026-07-31,CAMPSA,gasoleo_premium,1.9551,29
2026-07-31,CAMPSA,gasolina_95_e5,1.7228,57
2026-07-31,CAMPSA,gasolina_98_e5,1.8866,29
2026-07-31,CAMPSA,glp,1.0757,3
2026-07-31,CARREFOUR,gasoleo_a,1.8135,146
2026-07-31,CARREFOUR,gasoleo_premium,1.8532,131
2026-07-31,CARREFOUR,gasolina_95_e5,1.7034,146
2026-07-31,CARREFOUR,gasolina_98_e5,1.8621,116
2026-07-31,CEPSA,gasoleo_a,1.8603,578
2026-07-31,CEPSA,gasoleo_premium,1.9522,532
2026-07-31,CEPSA,gasolina_95_e5,1.7289,571
2026-07-31,CEPSA,gasolina_98_e5,1.8481,281
2026-07-31,CEPSA,glp,1.0904,16
2026-07-31,ESCLATOIL,gasoleo_a,1.6531,71
2026-07-31,ESCLATOIL,gasoleo_premium,1.6978,32
2026-07-31,ESCLATOIL,gasolina_95_e5,1.5186,71
2026-07-31,GALP,gasoleo_a,1.8107,460
2026-07-31,GALP,gasoleo_premium,1.88,384
2026-07-31,GALP,gasolina_95_e5,1.6996,457
2026-07-31,GALP,gasolina_98_e5,1.8424,223
2026-07-31,GALP,glp,1.0396,41
2026-07-31,MOEVE,gasoleo_a,1.8707,585
2026-07-31,MOEVE,gasoleo_premium,1.9683,523
2026-07-31,MOEVE,gasolina_95_e5,1.7224,576
2026-07-31,MOEVE,gasolina_98_e5,1.8393,273
2026-07-31,MOEVE,glp,1.0444,21
2026-07-31,PETRONOR,gasoleo_a,1.8674,161
2026-07-31,PETRONOR,gasoleo_premium,1.9531,80
2026-07-31,PETRONOR,gasolina_95_e5,1.7457,161
2026-07-31,PETRONOR,gasolina_98_e5,1.902,105
2026-07-31,PETRONOR,glp,1.1147,12
2026-07-31,PETROPRIX,gasoleo_a,1.6367,177
2026-07-31,PETROPRIX,gasolina_95_e5,1.5701,177
2026-07-31,PLENERGY,gasoleo_a,1.6622,388
2026-07-31,PLENERGY,gasolina_95_e5,1.5828,388
2026-07-31,Q8,gasoleo_a,1.7936,85
2026-07-31,Q8,gasoleo_premium,1.8614,36
2026-07-31,Q8,gasolina_95_e5,1.6778,84
2026-07-31,Q8,gasolina_98_e5,1.7538,49
2026-07-31,Q8,glp,1.062,2
2026-07-31,REPSOL,gasoleo_a,1.8684,2761
2026-07-31,REPSOL,gasoleo_premium,1.9546,1235
2026-07-31,REPSOL,gasolina_95_e5,1.7391,2754
2026-07-31,REPSOL,gasolina_98_e5,1.8913,2179
2026-07-31,REPSOL,glp,1.0917,407
2026-07-31,SHELL,gasoleo_a,1.78,343
2026-07-31,SHELL,gasoleo_premium,1.8707,293
2026-07-31,SHELL,gasolina_95_e5,1.6853,343
2026-07-31,SHELL,gasolina_98_e5,1.8402,268
2026-07-31,SHELL,glp,1.0079,63
2026-08-01,AVIA,gasoleo_a,1.7896,101
2026-08-01,AVIA,gasoleo_premium,1.8741,57
2026-08-01,AVIA,gasolina_95_e5,1.6884,100
2026-08-01,AVIA,gasolina_98_e5,1.8392,52
2026-08-01,AVIA,glp,0.9874,11
2026-08-01,BALLENOIL,gasoleo_a,1.7209,403
2026-08-01,BALLENOIL,gasoleo_premium,1.7384,275
2026-08-01,BALLENOIL,gasolina_95_e5,1.6465,403
2026-08-01,BP,gasoleo_a,1.8749,150
2026-08-01,BP,gasoleo_premium,1.9657,144
2026-08-01,BP,gasolina_95_e5,1.7597,150
2026-08-01,BP,gasolina_98_e5,1.9026,125
2026-08-01,BP,glp,1.0212,5
2026-08-01,CAMPSA,gasoleo_a,1.9247,57
2026-08-01,CAMPSA,gasoleo_premium,2.0109,29
2026-08-01,CAMPSA,gasolina_95_e5,1.7719,57
2026-08-01,CAMPSA,gasolina_98_e5,1.9369,29
2026-08-01,CAMPSA,glp,1.0757,3
2026-08-01,CARREFOUR,gasoleo_a,1.8621,146
2026-08-01,CARREFOUR,gasoleo_premium,1.9032,131
2026-08-01,CARREFOUR,gasolina_95_e5,1.7468,146
2026-08-01,CARREFOUR,gasolina_98_e5,1.9114,116
2026-08-01,CEPSA,gasoleo_a,1.891,577
2026-08-01,CEPSA,gasoleo_premium,1.9838,531
2026-08-01,CEPSA,gasolina_95_e5,1.7613,570
2026-08-01,CEPSA,gasolina_98_e5,1.8778,281
2026-08-01,CEPSA,glp,1.1211,25
2026-08-01,ESCLATOIL,gasoleo_a,1.6772,71
2026-08-01,ESCLATOIL,gasoleo_premium,1.7246,32
2026-08-01,ESCLATOIL,gasolina_95_e5,1.5258,71
2026-08-01,GALP,gasoleo_a,1.8549,460
2026-08-01,GALP,gasoleo_premium,1.9252,384
2026-08-01,GALP,gasolina_95_e5,1.74,457
2026-08-01,GALP,gasolina_98_e5,1.8819,223
2026-08-01,GALP,glp,1.0403,41
2026-08-01,MOEVE,gasoleo_a,1.9139,587
2026-08-01,MOEVE,gasoleo_premium,2.014,525
2026-08-01,MOEVE,gasolina_95_e5,1.7763,577
2026-08-01,MOEVE,gasolina_98_e5,1.8907,273
2026-08-01,MOEVE,glp,1.116,68
2026-08-01,PETRONOR,gasoleo_a,1.917,162
2026-08-01,PETRONOR,gasoleo_premium,2.0,81
2026-08-01,PETRONOR,gasolina_95_e5,1.7937,162
2026-08-01,PETRONOR,gasolina_98_e5,1.951,106
2026-08-01,PETRONOR,glp,1.1147,12
2026-08-01,PETROPRIX,gasoleo_a,1.685,177
2026-08-01,PETROPRIX,gasolina_95_e5,1.6161,177
2026-08-01,PLENERGY,gasoleo_a,1.7088,388
2026-08-01,PLENERGY,gasolina_95_e5,1.6284,388
2026-08-01,Q8,gasoleo_a,1.7988,85
2026-08-01,Q8,gasoleo_premium,1.8698,36
2026-08-01,Q8,gasolina_95_e5,1.682,84
2026-08-01,Q8,gasolina_98_e5,1.7569,49
2026-08-01,Q8,glp,1.062,2
2026-08-01,REPSOL,gasoleo_a,1.9206,2760
2026-08-01,REPSOL,gasoleo_premium,2.0045,1235
2026-08-01,REPSOL,gasolina_95_e5,1.7885,2753
2026-08-01,REPSOL,gasolina_98_e5,1.9402,2179
2026-08-01,REPSOL,glp,1.0919,407
2026-08-01,SHELL,gasoleo_a,1.8306,343
2026-08-01,SHELL,gasoleo_premium,1.9213,293
2026-08-01,SHELL,gasolina_95_e5,1.7347,343
2026-08-01,SHELL,gasolina_98_e5,1.8907,268
2026-08-01,SHELL,glp,1.0082,63
2026-08-02,AVIA,gasoleo_a,1.7932,101
2026-08-02,AVIA,gasoleo_premium,1.8774,57
2026-08-02,AVIA,gasolina_95_e5,1.691,100
2026-08-02,AVIA,gasolina_98_e5,1.8417,52
2026-08-02,AVIA,glp,0.99,11
2026-08-02,BALLENOIL,gasoleo_a,1.7224,403
2026-08-02,BALLENOIL,gasoleo_premium,1.7393,275
2026-08-02,BALLENOIL,gasolina_95_e5,1.648,403
2026-08-02,BALLENOIL,glp,1.083,1
2026-08-02,BP,gasoleo_a,1.891,150
2026-08-02,BP,gasoleo_premium,1.9821,144
2026-08-02,BP,gasolina_95_e5,1.7718,150
2026-08-02,BP,gasolina_98_e5,1.9144,125
2026-08-02,BP,glp,1.0212,5
2026-08-02,CAMPSA,gasoleo_a,1.9273,57
2026-08-02,CAMPSA,gasoleo_premium,2.0154,29
2026-08-02,CAMPSA,gasolina_95_e5,1.7747,57
2026-08-02,CAMPSA,gasolina_98_e5,1.9393,29
2026-08-02,CAMPSA,glp,1.0757,3
2026-08-02,CARREFOUR,gasoleo_a,1.8621,146
2026-08-02,CARREFOUR,gasoleo_premium,1.9032,131
2026-08-02,CARREFOUR,gasolina_95_e5,1.7468,146
2026-08-02,CARREFOUR,gasolina_98_e5,1.9114,116
2026-08-02,CEPSA,gasoleo_a,1.8966,581
2026-08-02,CEPSA,gasoleo_premium,1.9901,535
2026-08-02,CEPSA,gasolina_95_e5,1.7661,574
2026-08-02,CEPSA,gasolina_98_e5,1.8835,282
2026-08-02,CEPSA,glp,1.1215,25
2026-08-02,ESCLATOIL,gasoleo_a,1.6772,71
2026-08-02,ESCLATOIL,gasoleo_premium,1.7246,32
2026-08-02,ESCLATOIL,gasolina_95_e5,1.5258,71
2026-08-02,GALP,gasoleo_a,1.8626,460
2026-08-02,GALP,gasoleo_premium,1.9325,384
2026-08-02,GALP,gasolina_95_e5,1.7474,457
2026-08-02,GALP,gasolina_98_e5,1.8899,223
2026-08-02,GALP,glp,1.0403,41
2026-08-02,MOEVE,gasoleo_a,1.9169,590
2026-08-02,MOEVE,gasoleo_premium,2.0186,528
2026-08-02,MOEVE,gasolina_95_e5,1.7797,580
2026-08-02,MOEVE,gasolina_98_e5,1.8943,273
2026-08-02,MOEVE,glp,1.1182,67
2026-08-02,PETRONOR,gasoleo_a,1.9206,162
2026-08-02,PETRONOR,gasoleo_premium,2.0056,81
2026-08-02,PETRONOR,gasolina_95_e5,1.7964,162
2026-08-02,PETRONOR,gasolina_98_e5,1.9527,106
2026-08-02,PETRONOR,glp,1.1147,12
2026-08-02,PETROPRIX,gasoleo_a,1.6817,177
2026-08-02,PETROPRIX,gasolina_95_e5,1.6119,177
2026-08-02,PLENERGY,gasoleo_a,1.7012,388
2026-08-02,PLENERGY,gasolina_95_e5,1.6193,388
2026-08-02,Q8,gasoleo_a,1.8321,85
2026-08-02,Q8,gasoleo_premium,1.9062,36
2026-08-02,Q8,gasolina_95_e5,1.709,84
2026-08-02,Q8,gasolina_98_e5,1.7842,49
2026-08-02,Q8,glp,1.062,2
2026-08-02,REPSOL,gasoleo_a,1.9235,2760
2026-08-02,REPSOL,gasoleo_premium,2.0069,1235
2026-08-02,REPSOL,gasolina_95_e5,1.7905,2753
2026-08-02,REPSOL,gasolina_98_e5,1.9418,2179
2026-08-02,REPSOL,glp,1.0921,407
2026-08-02,SHELL,gasoleo_a,1.8338,343
2026-08-02,SHELL,gasoleo_premium,1.9239,293
2026-08-02,SHELL,gasolina_95_e5,1.7369,343
2026-08-02,SHELL,gasolina_98_e5,1.8931,268
2026-08-02,SHELL,glp,1.0083,63
2026-08-03,AVIA,gasoleo_a,1.8223,101
2026-08-03,AVIA,gasoleo_premium,1.908,57
2026-08-03,AVIA,gasolina_95_e5,1.7146,100
2026-08-03,AVIA,gasolina_98_e5,1.8686,52
2026-08-03,AVIA,glp,0.99,11
2026-08-03,BALLENOIL,gasoleo_a,1.7207,405
2026-08-03,BALLENOIL,gasoleo_premium,1.7375,277
2026-08-03,BALLENOIL,gasolina_95_e5,1.6455,405
2026-08-03,BALLENOIL,glp,1.083,1
2026-08-03,BP,gasoleo_a,1.9062,150
2026-08-03,BP,gasoleo_premium,1.9967,144
2026-08-03,BP,gasolina_95_e5,1.7836,150
2026-08-03,BP,gasolina_98_e5,1.9272,125
2026-08-03,BP,glp,1.0212,5
2026-08-03,CAMPSA,gasoleo_a,1.9306,57
2026-08-03,CAMPSA,gasoleo_premium,2.0154,29
2026-08-03,CAMPSA,gasolina_95_e5,1.7773,57
2026-08-03,CAMPSA,gasolina_98_e5,1.9433,29
2026-08-03,CAMPSA,glp,1.0757,3
2026-08-03,CARREFOUR,gasoleo_a,1.8615,146
2026-08-03,CARREFOUR,gasoleo_premium,1.902,131
2026-08-03,CARREFOUR,gasolina_95_e5,1.7492,146
2026-08-03,CARREFOUR,gasolina_98_e5,1.9155,116
2026-08-03,CEPSA,gasoleo_a,1.9101,591
2026-08-03,CEPSA,gasoleo_premium,2.0049,544
2026-08-03,CEPSA,gasolina_95_e5,1.7774,584
2026-08-03,CEPSA,gasolina_98_e5,1.897,284
2026-08-03,CEPSA,glp,1.1249,26
2026-08-03,ESCLATOIL,gasoleo_a,1.6772,71
2026-08-03,ESCLATOIL,gasoleo_premium,1.7246,32
2026-08-03,ESCLATOIL,gasolina_95_e5,1.5258,71
2026-08-03,GALP,gasoleo_a,1.8715,460
2026-08-03,GALP,gasoleo_premium,1.9416,384
2026-08-03,GALP,gasolina_95_e5,1.7525,457
2026-08-03,GALP,gasolina_98_e5,1.8969,223
2026-08-03,GALP,glp,1.0403,41
2026-08-03,MOEVE,gasoleo_a,1.9214,593
2026-08-03,MOEVE,gasoleo_premium,2.0229,530
2026-08-03,MOEVE,gasolina_95_e5,1.7835,583
2026-08-03,MOEVE,gasolina_98_e5,1.8982,274
2026-08-03,MOEVE,glp,1.1159,68
2026-08-03,PETRONOR,gasoleo_a,1.9243,163
2026-08-03,PETRONOR,gasoleo_premium,2.0102,81
2026-08-03,PETRONOR,gasolina_95_e5,1.7983,163
2026-08-03,PETRONOR,gasolina_98_e5,1.9561,107
2026-08-03,PETRONOR,glp,1.1147,12
2026-08-03,PETROPRIX,gasoleo_a,1.6805,177
2026-08-03,PETROPRIX,gasolina_95_e5,1.6091,177
2026-08-03,PLENERGY,gasoleo_a,1.7009,388
2026-08-03,PLENERGY,gasolina_95_e5,1.6176,388
2026-08-03,Q8,gasoleo_a,1.8488,85
2026-08-03,Q8,gasoleo_premium,1.9166,36
2026-08-03,Q8,gasolina_95_e5,1.7202,84
2026-08-03,Q8,gasolina_98_e5,1.7916,49
2026-08-03,Q8,glp,1.062,2
2026-08-03,REPSOL,gasoleo_a,1.9261,2762
2026-08-03,REPSOL,gasoleo_premium,2.0109,1236
2026-08-03,REPSOL,gasolina_95_e5,1.7913,2755
2026-08-03,REPSOL,gasolina_98_e5,1.9436,2180
2026-08-03,REPSOL,glp,1.0922,407
2026-08-03,SHELL,gasoleo_a,1.8556,343
2026-08-03,SHELL,gasoleo_premium,1.947,293
2026-08-03,SHELL,gasolina_95_e5,1.7479,343
2026-08-03,SHELL,gasolina_98_e5,1.9044,268
2026-08-03,SHELL,glp,1.0083,63
2026-08-04,AVIA,gasoleo_a,1.8311,101
2026-08-04,AVIA,gasoleo_premium,1.9161,57
2026-08-04,AVIA,gasolina_95_e5,1.7215,100
2026-08-04,AVIA,gasolina_98_e5,1.8723,52
2026-08-04,AVIA,glp,0.99,11
2026-08-04,BALLENOIL,gasoleo_a,1.7213,405
2026-08-04,BALLENOIL,gasoleo_premium,1.7382,277
2026-08-04,BALLENOIL,gasolina_95_e5,1.6451,405
2026-08-04,BALLENOIL,glp,1.083,1
2026-08-04,BP,gasoleo_a,1.9171,150
2026-08-04,BP,gasoleo_premium,2.0073,144
2026-08-04,BP,gasolina_95_e5,1.789,150
2026-08-04,BP,gasolina_98_e5,1.9309,125
2026-08-04,BP,glp,1.0212,5
2026-08-04,CAMPSA,gasoleo_a,1.9386,56
2026-08-04,CAMPSA,gasoleo_premium,2.0219,28
2026-08-04,CAMPSA,gasolina_95_e5,1.7861,56
2026-08-04,CAMPSA,gasolina_98_e5,1.942,29
2026-08-04,CAMPSA,glp,1.0757,3
2026-08-04,CARREFOUR,gasoleo_a,1.8681,146
2026-08-04,CARREFOUR,gasoleo_premium,1.9082,131
2026-08-04,CARREFOUR,gasolina_95_e5,1.7497,146
2026-08-04,CARREFOUR,gasolina_98_e5,1.9114,116
2026-08-04,CEPSA,gasoleo_a,1.9159,589
2026-08-04,CEPSA,gasoleo_premium,2.011,542
2026-08-04,CEPSA,gasolina_95_e5,1.781,582
2026-08-04,CEPSA,gasolina_98_e5,1.8992,283
2026-08-04,CEPSA,glp,1.1249,26
2026-08-04,ESCLATOIL,gasoleo_a,1.7683,71
2026-08-04,ESCLATOIL,gasoleo_premium,1.8137,32
2026-08-04,ESCLATOIL,gasolina_95_e5,1.5805,71
2026-08-04,GALP,gasoleo_a,1.876,460
2026-08-04,GALP,gasoleo_premium,1.9449,385
2026-08-04,GALP,gasolina_95_e5,1.7528,457
2026-08-04,GALP,gasolina_98_e5,1.8965,224
2026-08-04,GALP,glp,1.0403,41
2026-08-04,MOEVE,gasoleo_a,1.9242,593
2026-08-04,MOEVE,gasoleo_premium,2.0254,530
2026-08-04,MOEVE,gasolina_95_e5,1.7844,583
2026-08-04,MOEVE,gasolina_98_e5,1.899,274
2026-08-04,MOEVE,glp,1.1159,68
2026-08-04,PETRONOR,gasoleo_a,1.9295,164
2026-08-04,PETRONOR,gasoleo_premium,2.0071,81
2026-08-04,PETRONOR,gasolina_95_e5,1.8006,164
2026-08-04,PETRONOR,gasolina_98_e5,1.9506,107
2026-08-04,PETRONOR,glp,1.1147,12
2026-08-04,PETROPRIX,gasoleo_a,1.684,177
2026-08-04,PETROPRIX,gasolina_95_e5,1.6089,177
2026-08-04,PLENERGY,gasoleo_a,1.707,388
2026-08-04,PLENERGY,gasolina_95_e5,1.6211,388
2026-08-04,Q8,gasoleo_a,1.8602,85
2026-08-04,Q8,gasoleo_premium,1.9214,36
2026-08-04,Q8,gasolina_95_e5,1.7267,84
2026-08-04,Q8,gasolina_98_e5,1.8022,49
2026-08-04,Q8,glp,1.062,2
2026-08-04,REPSOL,gasoleo_a,1.929,2763
2026-08-04,REPSOL,gasoleo_premium,2.0085,1237
2026-08-04,REPSOL,gasolina_95_e5,1.7931,2756
2026-08-04,REPSOL,gasolina_98_e5,1.9387,2181
2026-08-04,REPSOL,glp,1.0928,407
2026-08-04,SHELL,gasoleo_a,1.8596,343
2026-08-04,SHELL,gasoleo_premium,1.9512,293
2026-08-04,SHELL,gasolina_95_e5,1.7489,343
2026-08-04,SHELL,gasolina_98_e5,1.9053,268
2026-08-04,SHELL,glp,1.0083,63
2026-08-05,AVIA,gasoleo_a,1.8325,102
2026-08-05,AVIA,gasoleo_premium,1.9196,57
2026-08-05,AVIA,gasolina_95_e5,1.7216,101
2026-08-05,AVIA,gasolina_98_e5,1.8737,52
2026-08-05,AVIA,glp,0.9909,11
2026-08-05,BALLENOIL,gasoleo_a,1.7305,403
2026-08-05,BALLENOIL,gasoleo_premium,1.7477,276
2026-08-05,BALLENOIL,gasolina_95_e5,1.6525,403
2026-08-05,BALLENOIL,glp,1.083,1
2026-08-05,BP,gasoleo_a,1.9101,150
2026-08-05,BP,gasoleo_premium,2.0006,144
2026-08-05,BP,gasolina_95_e5,1.7828,150
2026-08-05,BP,gasolina_98_e5,1.925,125
2026-08-05,BP,glp,1.0212,5
2026-08-05,CAMPSA,gasoleo_a,1.9321,56
2026-08-05,CAMPSA,gasoleo_premium,2.0139,28
2026-08-05,CAMPSA,gasolina_95_e5,1.7779,56
2026-08-05,CAMPSA,gasolina_98_e5,1.9323,29
2026-08-05,CAMPSA,glp,1.0877,3
2026-08-05,CARREFOUR,gasoleo_a,1.8663,146
2026-08-05,CARREFOUR,gasoleo_premium,1.9063,131
2026-08-05,CARREFOUR,gasolina_95_e5,1.7438,146
2026-08-05,CARREFOUR,gasolina_98_e5,1.904,116
2026-08-05,CEPSA,gasoleo_a,1.9061,586
2026-08-05,CEPSA,gasoleo_premium,2.0008,540
2026-08-05,CEPSA,gasolina_95_e5,1.7787,580
2026-08-05,CEPSA,gasolina_98_e5,1.8969,283
2026-08-05,CEPSA,glp,1.1253,26
2026-08-05,ESCLATOIL,gasoleo_a,1.7683,71
2026-08-05,ESCLATOIL,gasoleo_premium,1.8137,32
2026-08-05,ESCLATOIL,gasolina_95_e5,1.5805,71
2026-08-05,GALP,gasoleo_a,1.8692,460
2026-08-05,GALP,gasoleo_premium,1.9384,385
2026-08-05,GALP,gasolina_95_e5,1.7478,457
2026-08-05,GALP,gasolina_98_e5,1.8915,224
2026-08-05,GALP,glp,1.0491,41
2026-08-05,MOEVE,gasoleo_a,1.9036,591
2026-08-05,MOEVE,gasoleo_premium,2.0049,528
2026-08-05,MOEVE,gasolina_95_e5,1.7777,581
2026-08-05,MOEVE,gasolina_98_e5,1.8927,274
2026-08-05,MOEVE,glp,1.1163,68
2026-08-05,PETRONOR,gasoleo_a,1.9224,164
2026-08-05,PETRONOR,gasoleo_premium,2.0007,81
2026-08-05,PETRONOR,gasolina_95_e5,1.7923,164
2026-08-05,PETRONOR,gasolina_98_e5,1.9419,107
2026-08-05,PETRONOR,glp,1.1297,12
2026-08-05,PETROPRIX,gasoleo_a,1.6969,177
2026-08-05,PETROPRIX,gasolina_95_e5,1.6163,177
2026-08-05,PLENERGY,gasoleo_a,1.7256,388
2026-08-05,PLENERGY,gasolina_95_e5,1.6366,388
2026-08-05,Q8,gasoleo_a,1.8609,85
2026-08-05,Q8,gasoleo_premium,1.9225,36
2026-08-05,Q8,gasolina_95_e5,1.7263,84
2026-08-05,Q8,gasolina_98_e5,1.8018,49
2026-08-05,Q8,glp,1.062,2
2026-08-05,REPSOL,gasoleo_a,1.9212,2762
2026-08-05,REPSOL,gasoleo_premium,2.0008,1236
2026-08-05,REPSOL,gasolina_95_e5,1.7863,2755
2026-08-05,REPSOL,gasolina_98_e5,1.9312,2181
2026-08-05,REPSOL,glp,1.1043,407
2026-08-05,SHELL,gasoleo_a,1.8607,343
2026-08-05,SHELL,gasoleo_premium,1.9519,293
2026-08-05,SHELL,gasolina_95_e5,1.7488,343
2026-08-05,SHELL,gasolina_98_e5,1.9053,268
2026-08-05,SHELL,glp,1.0083,63
2026-08-06,AVIA,gasoleo_a,1.8288,101
2026-08-06,AVIA,gasoleo_premium,1.9128,57
2026-08-06,AVIA,gasolina_95_e5,1.7172,100
2026-08-06,AVIA,gasolina_98_e5,1.8635,52
2026-08-06,AVIA,glp,0.9909,11
2026-08-06,BALLENOIL,gasoleo_a,1.7281,403
2026-08-06,BALLENOIL,gasoleo_premium,1.7451,276
2026-08-06,BALLENOIL,gasolina_95_e5,1.6459,403
2026-08-06,BALLENOIL,glp,1.083,1
2026-08-06,BP,gasoleo_a,1.8975,150
2026-08-06,BP,gasoleo_premium,1.9879,144
2026-08-06,BP,gasolina_95_e5,1.7749,150
2026-08-06,BP,gasolina_98_e5,1.9177,125
2026-08-06,BP,glp,1.0232,5
2026-08-06,CAMPSA,gasoleo_a,1.9137,56
2026-08-06,CAMPSA,gasoleo_premium,1.9939,28
2026-08-06,CAMPSA,gasolina_95_e5,1.7611,56
2026-08-06,CAMPSA,gasolina_98_e5,1.9168,29
2026-08-06,CAMPSA,glp,1.0877,3
2026-08-06,CARREFOUR,gasoleo_a,1.8501,146
2026-08-06,CARREFOUR,gasoleo_premium,1.8894,131
2026-08-06,CARREFOUR,gasolina_95_e5,1.7292,146
2026-08-06,CARREFOUR,gasolina_98_e5,1.8904,116
2026-08-06,CEPSA,gasoleo_a,1.8981,586
2026-08-06,CEPSA,gasoleo_premium,1.9924,540
2026-08-06,CEPSA,gasolina_95_e5,1.772,580
2026-08-06,CEPSA,gasolina_98_e5,1.8906,283
2026-08-06,CEPSA,glp,1.1253,26
2026-08-06,ESCLATOIL,gasoleo_a,1.7059,71
2026-08-06,ESCLATOIL,gasoleo_premium,1.7512,32
2026-08-06,ESCLATOIL,gasolina_95_e5,1.5428,71
2026-08-06,GALP,gasoleo_a,1.8568,461
2026-08-06,GALP,gasoleo_premium,1.925,386
2026-08-06,GALP,gasolina_95_e5,1.7359,458
2026-08-06,GALP,gasolina_98_e5,1.879,224
2026-08-06,GALP,glp,1.0501,41
2026-08-06,MOEVE,gasoleo_a,1.8945,591
2026-08-06,MOEVE,gasoleo_premium,1.996,528
2026-08-06,MOEVE,gasolina_95_e5,1.7689,581
2026-08-06,MOEVE,gasolina_98_e5,1.8821,274
2026-08-06,MOEVE,glp,1.115,68
2026-08-06,PETRONOR,gasoleo_a,1.907,164
2026-08-06,PETRONOR,gasoleo_premium,1.9888,81
2026-08-06,PETRONOR,gasolina_95_e5,1.7755,164
2026-08-06,PETRONOR,gasolina_98_e5,1.925,107
2026-08-06,PETRONOR,glp,1.1297,12
2026-08-06,PETROPRIX,gasoleo_a,1.6921,177
2026-08-06,PETROPRIX,gasolina_95_e5,1.6093,177
2026-08-06,PLENERGY,gasoleo_a,1.7097,388
2026-08-06,PLENERGY,gasolina_95_e5,1.6135,388
2026-08-06,Q8,gasoleo_a,1.85,85
2026-08-06,Q8,gasoleo_premium,1.9119,36
2026-08-06,Q8,gasolina_95_e5,1.7179,84
2026-08-06,Q8,gasolina_98_e5,1.8019,49
2026-08-06,Q8,glp,1.062,2
2026-08-06,REPSOL,gasoleo_a,1.9038,2761
2026-08-06,REPSOL,gasoleo_premium,1.9851,1235
2026-08-06,REPSOL,gasolina_95_e5,1.7696,2754
2026-08-06,REPSOL,gasolina_98_e5,1.915,2181
2026-08-06,REPSOL,glp,1.1049,407
2026-08-06,SHELL,gasoleo_a,1.8538,343
2026-08-06,SHELL,gasoleo_premium,1.9439,293
2026-08-06,SHELL,gasolina_95_e5,1.7405,343
2026-08-06,SHELL,gasolina_98_e5,1.8957,268
2026-08-06,SHELL,glp,1.0083,63
2026-08-07,AVIA,gasoleo_a,1.8226,101
2026-08-07,AVIA,gasoleo_premium,1.907,57
2026-08-07,AVIA,gasolina_95_e5,1.7104,100
2026-08-07,AVIA,gasolina_98_e5,1.8583,52
2026-08-07,AVIA,glp,0.9909,11
2026-08-07,BALLENOIL,gasoleo_a,1.7261,403
2026-08-07,BALLENOIL,gasoleo_premium,1.7427,276
2026-08-07,BALLENOIL,gasolina_95_e5,1.6384,403
2026-08-07,BALLENOIL,glp,1.083,1
2026-08-07,BP,gasoleo_a,1.8872,150
2026-08-07,BP,gasoleo_premium,1.978,144
2026-08-07,BP,gasolina_95_e5,1.7663,150
2026-08-07,BP,gasolina_98_e5,1.9085,125
2026-08-07,BP,glp,1.0232,5
2026-08-07,CAMPSA,gasoleo_a,1.8946,56
2026-08-07,CAMPSA,gasoleo_premium,1.9821,28
2026-08-07,CAMPSA,gasolina_95_e5,1.7442,56
2026-08-07,CAMPSA,gasolina_98_e5,1.9052,29
2026-08-07,CAMPSA,glp,1.0877,3
2026-08-07,CARREFOUR,gasoleo_a,1.8379,146
2026-08-07,CARREFOUR,gasoleo_premium,1.8769,131
2026-08-07,CARREFOUR,gasolina_95_e5,1.7161,146
2026-08-07,CARREFOUR,gasolina_98_e5,1.8808,116
2026-08-07,CEPSA,gasoleo_a,1.8902,512
2026-08-07,CEPSA,gasoleo_premium,1.9852,469
2026-08-07,CEPSA,gasolina_95_e5,1.7645,579
2026-08-07,CEPSA,gasolina_98_e5,1.8846,283
2026-08-07,CEPSA,glp,1.0954,16
2026-08-07,ESCLATOIL,gasoleo_a,1.7059,71
2026-08-07,ESCLATOIL,gasoleo_premium,1.7512,32
2026-08-07,ESCLATOIL,gasolina_95_e5,1.5428,71
2026-08-07,GALP,gasoleo_a,1.8479,461
2026-08-07,GALP,gasoleo_premium,1.9158,386
2026-08-07,GALP,gasolina_95_e5,1.7274,458
2026-08-07,GALP,gasolina_98_e5,1.875,224
2026-08-07,GALP,glp,1.0501,41
2026-08-07,MOEVE,gasoleo_a,1.8808,395
2026-08-07,MOEVE,gasoleo_premium,1.9857,337
2026-08-07,MOEVE,gasolina_95_e5,1.7578,584
2026-08-07,MOEVE,gasolina_98_e5,1.8723,274
2026-08-07,MOEVE,glp,1.0783,32
2026-08-07,PETRONOR,gasoleo_a,1.8925,164
2026-08-07,PETRONOR,gasoleo_premium,1.9814,81
2026-08-07,PETRONOR,gasolina_95_e5,1.7607,164
2026-08-07,PETRONOR,gasolina_98_e5,1.916,107
2026-08-07,PETRONOR,glp,1.1297,12
2026-08-07,PETROPRIX,gasoleo_a,1.6896,177
2026-08-07,PETROPRIX,gasolina_95_e5,1.6024,177
2026-08-07,PLENERGY,gasoleo_a,1.7053,389
2026-08-07,PLENERGY,gasolina_95_e5,1.6032,389
2026-08-07,Q8,gasoleo_a,1.8292,85
2026-08-07,Q8,gasoleo_premium,1.8933,36
2026-08-07,Q8,gasolina_95_e5,1.7002,84
2026-08-07,Q8,gasolina_98_e5,1.7932,49
2026-08-07,Q8,glp,1.062,2
2026-08-07,REPSOL,gasoleo_a,1.8879,2762
2026-08-07,REPSOL,gasoleo_premium,1.9749,1236
2026-08-07,REPSOL,gasolina_95_e5,1.7548,2755
2026-08-07,REPSOL,gasolina_98_e5,1.9059,2182
2026-08-07,REPSOL,glp,1.1055,408
2026-08-07,SHELL,gasoleo_a,1.8504,343
2026-08-07,SHELL,gasoleo_premium,1.9404,293
2026-08-07,SHELL,gasolina_95_e5,1.7369,343
2026-08-07,SHELL,gasolina_98_e5,1.8921,268
2026-08-07,SHELL,glp,1.0083,63
2026-08-08,AVIA,gasoleo_a,1.8194,101
2026-08-08,AVIA,gasoleo_premium,1.9053,57
2026-08-08,AVIA,gasolina_95_e5,1.7061,100
2026-08-08,AVIA,gasolina_98_e5,1.8557,52
2026-08-08,AVIA,glp,0.9977,11
2026-08-08,BALLENOIL,gasoleo_a,1.7435,404
2026-08-08,BALLENOIL,gasoleo_premium,1.76,277
2026-08-08,BALLENOIL,gasolina_95_e5,1.6517,404
2026-08-08,BALLENOIL,glp,1.083,1
2026-08-08,BP,gasoleo_a,1.8798,150
2026-08-08,BP,gasoleo_premium,1.9711,144
2026-08-08,BP,gasolina_95_e5,1.7635,150
2026-08-08,BP,gasolina_98_e5,1.9056,125
2026-08-08,BP,glp,1.0232,5
2026-08-08,CAMPSA,gasoleo_a,1.8875,56
2026-08-08,CAMPSA,gasoleo_premium,1.9691,28
2026-08-08,CAMPSA,gasolina_95_e5,1.7448,56
2026-08-08,CAMPSA,gasolina_98_e5,1.8991,29
2026-08-08,CAMPSA,glp,1.0877,3
2026-08-08,CARREFOUR,gasoleo_a,1.8364,146
2026-08-08,CARREFOUR,gasoleo_premium,1.8762,131
2026-08-08,CARREFOUR,gasolina_95_e5,1.7156,146
2026-08-08,CARREFOUR,gasolina_98_e5,1.8808,116
2026-08-08,CEPSA,gasoleo_a,1.889,583
2026-08-08,CEPSA,gasoleo_premium,1.984,538
2026-08-08,CEPSA,gasolina_95_e5,1.7617,579
2026-08-08,CEPSA,gasolina_98_e5,1.8818,283
2026-08-08,CEPSA,glp,1.1253,26
2026-08-08,ESCLATOIL,gasoleo_a,1.6829,71
2026-08-08,ESCLATOIL,gasoleo_premium,1.7274,32
2026-08-08,ESCLATOIL,gasolina_95_e5,1.5314,71
2026-08-08,GALP,gasoleo_a,1.845,461
2026-08-08,GALP,gasoleo_premium,1.9125,386
2026-08-08,GALP,gasolina_95_e5,1.7262,458
2026-08-08,GALP,gasolina_98_e5,1.8727,224
2026-08-08,GALP,glp,1.0501,41
2026-08-08,MOEVE,gasoleo_a,1.8845,590
2026-08-08,MOEVE,gasoleo_premium,1.9858,528
2026-08-08,MOEVE,gasolina_95_e5,1.7543,586
2026-08-08,MOEVE,gasolina_98_e5,1.8699,275
2026-08-08,MOEVE,glp,1.1141,68
2026-08-08,PETRONOR,gasoleo_a,1.8844,164
2026-08-08,PETRONOR,gasoleo_premium,1.9679,81
2026-08-08,PETRONOR,gasolina_95_e5,1.7596,164
2026-08-08,PETRONOR,gasolina_98_e5,1.9087,107
2026-08-08,PETRONOR,glp,1.1297,12
2026-08-08,PETROPRIX,gasoleo_a,1.6907,177
2026-08-08,PETROPRIX,gasolina_95_e5,1.5966,177
2026-08-08,PLENERGY,gasoleo_a,1.7023,388
2026-08-08,PLENERGY,gasolina_95_e5,1.5995,388
2026-08-08,Q8,gasoleo_a,1.817,83
2026-08-08,Q8,gasoleo_premium,1.8933,34
2026-08-08,Q8,gasolina_95_e5,1.6882,82
2026-08-08,Q8,gasolina_98_e5,1.7953,47
2026-08-08,Q8,glp,1.062,2
2026-08-08,REPSOL,gasoleo_a,1.8789,2761
2026-08-08,REPSOL,gasoleo_premium,1.9609,1237
2026-08-08,REPSOL,gasolina_95_e5,1.7531,2754
2026-08-08,REPSOL,gasolina_98_e5,1.898,2181
2026-08-08,REPSOL,glp,1.1059,408
2026-08-08,SHELL,gasoleo_a,1.843,343
2026-08-08,SHELL,gasoleo_premium,1.9329,293
2026-08-08,SHELL,gasolina_95_e5,1.7287,343
2026-08-08,SHELL,gasolina_98_e5,1.8837,268
2026-08-08,SHELL,glp,1.0083,63
2026-08-09,AVIA,gasoleo_a,1.8182,101
2026-08-09,AVIA,gasoleo_premium,1.9055,57
2026-08-09,AVIA,gasolina_95_e5,1.7055,100
2026-08-09,AVIA,gasolina_98_e5,1.8544,52
2026-08-09,AVIA,glp,0.9977,11
2026-08-09,BALLENOIL,gasoleo_a,1.731,404
2026-08-09,BALLENOIL,gasoleo_premium,1.75,277
2026-08-09,BALLENOIL,gasolina_95_e5,1.6344,404
2026-08-09,BALLENOIL,glp,1.083,1
2026-08-09,BP,gasoleo_a,1.8794,150
2026-08-09,BP,gasoleo_premium,1.971,144
2026-08-09,BP,gasolina_95_e5,1.7632,150
2026-08-09,BP,gasolina_98_e5,1.9063,125
2026-08-09,BP,glp,1.0232,5
2026-08-09,CAMPSA,gasoleo_a,1.8877,56
2026-08-09,CAMPSA,gasoleo_premium,1.9691,28
2026-08-09,CAMPSA,gasolina_95_e5,1.7448,56
2026-08-09,CAMPSA,gasolina_98_e5,1.8991,29
2026-08-09,CAMPSA,glp,1.0877,3
2026-08-09,CARREFOUR,gasoleo_a,1.8364,146
2026-08-09,CARREFOUR,gasoleo_premium,1.8762,131
2026-08-09,CARREFOUR,gasolina_95_e5,1.7156,146
2026-08-09,CARREFOUR,gasolina_98_e5,1.8808,116
2026-08-09,CEPSA,gasoleo_a,1.8877,584
2026-08-09,CEPSA,gasoleo_premium,1.983,539
2026-08-09,CEPSA,gasolina_95_e5,1.7604,580
2026-08-09,CEPSA,gasolina_98_e5,1.8812,284
2026-08-09,CEPSA,glp,1.1253,26
2026-08-09,ESCLATOIL,gasoleo_a,1.6829,71
2026-08-09,ESCLATOIL,gasoleo_premium,1.7274,32
2026-08-09,ESCLATOIL,gasolina_95_e5,1.5314,71
2026-08-09,GALP,gasoleo_a,1.8405,461
2026-08-09,GALP,gasoleo_premium,1.908,386
2026-08-09,GALP,gasolina_95_e5,1.722,458
2026-08-09,GALP,gasolina_98_e5,1.8638,224
2026-08-09,GALP,glp,1.0501,41
2026-08-09,MOEVE,gasoleo_a,1.8844,590
2026-08-09,MOEVE,gasoleo_premium,1.9858,528
2026-08-09,MOEVE,gasolina_95_e5,1.7548,586
2026-08-09,MOEVE,gasolina_98_e5,1.8699,275
2026-08-09,MOEVE,glp,1.1141,68
2026-08-09,PETRONOR,gasoleo_a,1.8845,164
2026-08-09,PETRONOR,gasoleo_premium,1.9672,81
2026-08-09,PETRONOR,gasolina_95_e5,1.76,164
2026-08-09,PETRONOR,gasolina_98_e5,1.9086,107
2026-08-09,PETRONOR,glp,1.1297,12
2026-08-09,PETROPRIX,gasoleo_a,1.6883,177
2026-08-09,PETROPRIX,gasolina_95_e5,1.5949,177
2026-08-09,PLENERGY,gasoleo_a,1.699,388
2026-08-09,PLENERGY,gasolina_95_e5,1.5969,388
2026-08-09,Q8,gasoleo_a,1.8092,83
2026-08-09,Q8,gasoleo_premium,1.8829,34
2026-08-09,Q8,gasolina_95_e5,1.6835,82
2026-08-09,Q8,gasolina_98_e5,1.7948,47
2026-08-09,Q8,glp,1.062,2
2026-08-09,REPSOL,gasoleo_a,1.8786,2761
2026-08-09,REPSOL,gasoleo_premium,1.9609,1237
2026-08-09,REPSOL,gasolina_95_e5,1.7533,2754
2026-08-09,REPSOL,gasolina_98_e5,1.898,2181
2026-08-09,REPSOL,glp,1.1059,408
2026-08-09,SHELL,gasoleo_a,1.8429,343
2026-08-09,SHELL,gasoleo_premium,1.9329,293
2026-08-09,SHELL,gasolina_95_e5,1.7285,343
2026-08-09,SHELL,gasolina_98_e5,1.8837,268
2026-08-09,SHELL,glp,1.0083,63
2026-08-10,AVIA,gasoleo_a,1.8129,101
2026-08-10,AVIA,gasoleo_premium,1.8999,57
2026-08-10,AVIA,gasolina_95_e5,1.6989,100
2026-08-10,AVIA,gasolina_98_e5,1.849,52
2026-08-10,AVIA,glp,0.9977,11
2026-08-10,BALLENOIL,gasoleo_a,1.7275,404
2026-08-10,BALLENOIL,gasoleo_premium,1.7465,277
2026-08-10,BALLENOIL,gasolina_95_e5,1.629,404
2026-08-10,BALLENOIL,glp,1.083,1
2026-08-10,BP,gasoleo_a,1.8757,150
2026-08-10,BP,gasoleo_premium,1.9669,144
2026-08-10,BP,gasolina_95_e5,1.7604,150
2026-08-10,BP,gasolina_98_e5,1.9039,125
2026-08-10,BP,glp,1.0232,5
2026-08-10,CAMPSA,gasoleo_a,1.8838,56
2026-08-10,CAMPSA,gasoleo_premium,1.9651,28
2026-08-10,CAMPSA,gasolina_95_e5,1.7416,56
2026-08-10,CAMPSA,gasolina_98_e5,1.8956,29
2026-08-10,CAMPSA,glp,1.0877,3
2026-08-10,CARREFOUR,gasoleo_a,1.8249,146
2026-08-10,CARREFOUR,gasoleo_premium,1.8642,131
2026-08-10,CARREFOUR,gasolina_95_e5,1.7022,146
2026-08-10,CARREFOUR,gasolina_98_e5,1.8806,116
2026-08-10,CEPSA,gasoleo_a,1.8824,585
2026-08-10,CEPSA,gasoleo_premium,1.9783,539
2026-08-10,CEPSA,gasolina_95_e5,1.7574,580
2026-08-10,CEPSA,gasolina_98_e5,1.8785,284
2026-08-10,CEPSA,glp,1.1253,26
2026-08-10,ESCLATOIL,gasoleo_a,1.6829,71
2026-08-10,ESCLATOIL,gasoleo_premium,1.7274,32
2026-08-10,ESCLATOIL,gasolina_95_e5,1.5314,71
2026-08-10,GALP,gasoleo_a,1.8404,461
2026-08-10,GALP,gasoleo_premium,1.9083,386
2026-08-10,GALP,gasolina_95_e5,1.7227,458
2026-08-10,GALP,gasolina_98_e5,1.8699,224
2026-08-10,GALP,glp,1.0501,41
2026-08-10,MOEVE,gasoleo_a,1.8787,591
2026-08-10,MOEVE,gasoleo_premium,1.9801,529
2026-08-10,MOEVE,gasolina_95_e5,1.7521,587
2026-08-10,MOEVE,gasolina_98_e5,1.8686,275
2026-08-10,MOEVE,glp,1.1141,68
2026-08-10,PETRONOR,gasoleo_a,1.8828,164
2026-08-10,PETRONOR,gasoleo_premium,1.9653,81
2026-08-10,PETRONOR,gasolina_95_e5,1.7583,164
2026-08-10,PETRONOR,gasolina_98_e5,1.9067,107
2026-08-10,PETRONOR,glp,1.1297,12
2026-08-10,PETROPRIX,gasoleo_a,1.6875,177
2026-08-10,PETROPRIX,gasolina_95_e5,1.5933,177
2026-08-10,PLENERGY,gasoleo_a,1.6979,388
2026-08-10,PLENERGY,gasolina_95_e5,1.5951,388
2026-08-10,Q8,gasoleo_a,1.8087,83
2026-08-10,Q8,gasoleo_premium,1.882,34
2026-08-10,Q8,gasolina_95_e5,1.6848,82
2026-08-10,Q8,gasolina_98_e5,1.795,47
2026-08-10,Q8,glp,1.062,2
2026-08-10,REPSOL,gasoleo_a,1.8772,2759
2026-08-10,REPSOL,gasoleo_premium,1.96,1236
2026-08-10,REPSOL,gasolina_95_e5,1.7523,2752
2026-08-10,REPSOL,gasolina_98_e5,1.8973,2179
2026-08-10,REPSOL,glp,1.1061,408
2026-08-10,SHELL,gasoleo_a,1.8417,343
2026-08-10,SHELL,gasoleo_premium,1.9322,293
2026-08-10,SHELL,gasolina_95_e5,1.7274,343
2026-08-10,SHELL,gasolina_98_e5,1.8831,268
2026-08-10,SHELL,glp,1.0077,63
2026-08-11,AVIA,gasoleo_a,1.8115,100
2026-08-11,AVIA,gasoleo_premium,1.8962,57
2026-08-11,AVIA,gasolina_95_e5,1.6994,99
2026-08-11,AVIA,gasolina_98_e5,1.849,52
2026-08-11,AVIA,glp,0.9977,11
2026-08-11,BALLENOIL,gasoleo_a,1.7245,404
2026-08-11,BALLENOIL,gasoleo_premium,1.7437,277
2026-08-11,BALLENOIL,gasolina_95_e5,1.6254,404
2026-08-11,BALLENOIL,glp,1.083,1
2026-08-11,BP,gasoleo_a,1.8745,150
2026-08-11,BP,gasoleo_premium,1.9665,144
2026-08-11,BP,gasolina_95_e5,1.7606,150
2026-08-11,BP,gasolina_98_e5,1.9041,125
2026-08-11,BP,glp,1.0252,5
2026-08-11,CAMPSA,gasoleo_a,1.8822,57
2026-08-11,CAMPSA,gasoleo_premium,1.9664,29
2026-08-11,CAMPSA,gasolina_95_e5,1.7402,57
2026-08-11,CAMPSA,gasolina_98_e5,1.8951,29
2026-08-11,CAMPSA,glp,1.0877,3
2026-08-11,CARREFOUR,gasoleo_a,1.818,146
2026-08-11,CARREFOUR,gasoleo_premium,1.8566,131
2026-08-11,CARREFOUR,gasolina_95_e5,1.6965,146
2026-08-11,CARREFOUR,gasolina_98_e5,1.8693,116
2026-08-11,CEPSA,gasoleo_a,1.8814,587
2026-08-11,CEPSA,gasoleo_premium,1.9776,540
2026-08-11,CEPSA,gasolina_95_e5,1.7566,580
2026-08-11,CEPSA,gasolina_98_e5,1.8777,284
2026-08-11,CEPSA,glp,1.1004,17
2026-08-11,ESCLATOIL,gasoleo_a,1.6829,71
2026-08-11,ESCLATOIL,gasoleo_premium,1.7274,32
2026-08-11,ESCLATOIL,gasolina_95_e5,1.5314,71
2026-08-11,GALP,gasoleo_a,1.8402,461
2026-08-11,GALP,gasoleo_premium,1.9078,386
2026-08-11,GALP,gasolina_95_e5,1.7224,458
2026-08-11,GALP,gasolina_98_e5,1.8696,224
2026-08-11,GALP,glp,1.0501,41
2026-08-11,MOEVE,gasoleo_a,1.8783,597
2026-08-11,MOEVE,gasoleo_premium,1.9799,535
2026-08-11,MOEVE,gasolina_95_e5,1.7522,587
2026-08-11,MOEVE,gasolina_98_e5,1.8685,275
2026-08-11,MOEVE,glp,1.0877,39
2026-08-11,PETRONOR,gasoleo_a,1.8833,163
2026-08-11,PETRONOR,gasoleo_premium,1.9663,80
2026-08-11,PETRONOR,gasolina_95_e5,1.7582,163
2026-08-11,PETRONOR,gasolina_98_e5,1.9045,106
2026-08-11,PETRONOR,glp,1.1297,12
2026-08-11,PETROPRIX,gasoleo_a,1.6827,177
2026-08-11,PETROPRIX,gasolina_95_e5,1.5881,177
2026-08-11,PLENERGY,gasoleo_a,1.6941,388
2026-08-11,PLENERGY,gasolina_95_e5,1.5927,388
2026-08-11,Q8,gasoleo_a,1.8086,83
2026-08-11,Q8,gasoleo_premium,1.8802,34
2026-08-11,Q8,gasolina_95_e5,1.6858,82
2026-08-11,Q8,gasolina_98_e5,1.7949,47
2026-08-11,Q8,glp,1.062,2
2026-08-11,REPSOL,gasoleo_a,1.8767,2759
2026-08-11,REPSOL,gasoleo_premium,1.9592,1235
2026-08-11,REPSOL,gasolina_95_e5,1.7522,2752
2026-08-11,REPSOL,gasolina_98_e5,1.8967,2179
2026-08-11,REPSOL,glp,1.1063,408
2026-08-11,SHELL,gasoleo_a,1.835,343
2026-08-11,SHELL,gasoleo_premium,1.9246,293
2026-08-11,SHELL,gasolina_95_e5,1.7214,343
2026-08-11,SHELL,gasolina_98_e5,1.8763,268
2026-08-11,SHELL,glp,1.0077,63
2026-08-12,AVIA,gasoleo_a,1.8186,99
2026-08-12,AVIA,gasoleo_premium,1.9044,56
2026-08-12,AVIA,gasolina_95_e5,1.7033,98
2026-08-12,AVIA,gasolina_98_e5,1.8526,52
2026-08-12,AVIA,glp,0.9977,11
2026-08-12,BALLENOIL,gasoleo_a,1.7265,405
2026-08-12,BALLENOIL,gasoleo_premium,1.7461,277
2026-08-12,BALLENOIL,gasolina_95_e5,1.6274,405
2026-08-12,BALLENOIL,glp,1.083,1
2026-08-12,BP,gasoleo_a,1.8814,150
2026-08-12,BP,gasoleo_premium,1.9735,144
2026-08-12,BP,gasolina_95_e5,1.7643,150
2026-08-12,BP,gasolina_98_e5,1.9074,125
2026-08-12,BP,glp,1.0252,5
2026-08-12,CAMPSA,gasoleo_a,1.8963,57
2026-08-12,CAMPSA,gasoleo_premium,1.9802,29
2026-08-12,CAMPSA,gasolina_95_e5,1.7478,57
2026-08-12,CAMPSA,gasolina_98_e5,1.9023,29
2026-08-12,CAMPSA,glp,1.1043,3
2026-08-12,CARREFOUR,gasoleo_a,1.8305,146
2026-08-12,CARREFOUR,gasoleo_premium,1.8695,131
2026-08-12,CARREFOUR,gasolina_95_e5,1.7067,146
2026-08-12,CARREFOUR,gasolina_98_e5,1.8768,116
2026-08-12,CEPSA,gasoleo_a,1.8905,584
2026-08-12,CEPSA,gasoleo_premium,1.9865,537
2026-08-12,CEPSA,gasolina_95_e5,1.7652,577
2026-08-12,CEPSA,gasolina_98_e5,1.8854,283
2026-08-12,CEPSA,glp,1.1064,18
2026-08-12,ESCLATOIL,gasoleo_a,1.6839,71
2026-08-12,ESCLATOIL,gasoleo_premium,1.729,32
2026-08-12,ESCLATOIL,gasolina_95_e5,1.5482,71
2026-08-12,GALP,gasoleo_a,1.8486,461
2026-08-12,GALP,gasoleo_premium,1.9167,386
2026-08-12,GALP,gasolina_95_e5,1.7273,458
2026-08-12,GALP,gasolina_98_e5,1.8714,224
2026-08-12,GALP,glp,1.0681,41
2026-08-12,MOEVE,gasoleo_a,1.8923,596
2026-08-12,MOEVE,gasoleo_premium,1.9951,534
2026-08-12,MOEVE,gasolina_95_e5,1.7652,586
2026-08-12,MOEVE,gasolina_98_e5,1.8814,275
2026-08-12,MOEVE,glp,1.0786,32
2026-08-12,PETRONOR,gasoleo_a,1.8974,163
2026-08-12,PETRONOR,gasoleo_premium,1.98,80
2026-08-12,PETRONOR,gasolina_95_e5,1.7662,163
2026-08-12,PETRONOR,gasolina_98_e5,1.913,106
2026-08-12,PETRONOR,glp,1.1598,12
2026-08-12,PETROPRIX,gasoleo_a,1.6938,177
2026-08-12,PETROPRIX,gasolina_95_e5,1.5962,177
2026-08-12,PLENERGY,gasoleo_a,1.712,388
2026-08-12,PLENERGY,gasolina_95_e5,1.6106,388
2026-08-12,Q8,gasoleo_a,1.8103,83
2026-08-12,Q8,gasoleo_premium,1.8817,34
2026-08-12,Q8,gasolina_95_e5,1.688,82
2026-08-12,Q8,gasolina_98_e5,1.7944,47
2026-08-12,Q8,glp,1.062,2
2026-08-12,REPSOL,gasoleo_a,1.8928,2754
2026-08-12,REPSOL,gasoleo_premium,1.9747,1231
2026-08-12,REPSOL,gasolina_95_e5,1.7608,2747
2026-08-12,REPSOL,gasolina_98_e5,1.9051,2178
2026-08-12,REPSOL,glp,1.13,408
2026-08-12,SHELL,gasoleo_a,1.8383,343
2026-08-12,SHELL,gasoleo_premium,1.9279,293
2026-08-12,SHELL,gasolina_95_e5,1.7224,343
2026-08-12,SHELL,gasolina_98_e5,1.8767,268
2026-08-12,SHELL,glp,1.0077,63
2026-08-13,AVIA,gasoleo_a,1.8243,99
2026-08-13,AVIA,gasoleo_premium,1.9092,56
2026-08-13,AVIA,gasolina_95_e5,1.7075,98
2026-08-13,AVIA,gasolina_98_e5,1.8571,52
2026-08-13,AVIA,glp,0.9977,11
2026-08-13,BALLENOIL,gasoleo_a,1.7233,405
2026-08-13,BALLENOIL,gasoleo_premium,1.7435,278
2026-08-13,BALLENOIL,gasolina_95_e5,1.6244,405
2026-08-13,BALLENOIL,glp,1.083,1
2026-08-13,BP,gasoleo_a,1.8901,150
2026-08-13,BP,gasoleo_premium,1.9816,144
2026-08-13,BP,gasolina_95_e5,1.7683,150
2026-08-13,BP,gasolina_98_e5,1.911,125
2026-08-13,BP,glp,1.0292,5
2026-08-13,CAMPSA,gasoleo_a,1.9039,57
2026-08-13,CAMPSA,gasoleo_premium,1.99,29
2026-08-13,CAMPSA,gasolina_95_e5,1.754,57
2026-08-13,CAMPSA,gasolina_98_e5,1.9103,29
2026-08-13,CAMPSA,glp,1.1043,3
2026-08-13,CARREFOUR,gasoleo_a,1.8434,146
2026-08-13,CARREFOUR,gasoleo_premium,1.8823,131
2026-08-13,CARREFOUR,gasolina_95_e5,1.7188,146
2026-08-13,CARREFOUR,gasolina_98_e5,1.8837,116
2026-08-13,CEPSA,gasoleo_a,1.8938,584
2026-08-13,CEPSA,gasoleo_premium,1.9891,536
2026-08-13,CEPSA,gasolina_95_e5,1.7692,577
2026-08-13,CEPSA,gasolina_98_e5,1.8887,283
2026-08-13,CEPSA,glp,1.126,26
2026-08-13,ESCLATOIL,gasoleo_a,1.6839,71
2026-08-13,ESCLATOIL,gasoleo_premium,1.729,32
2026-08-13,ESCLATOIL,gasolina_95_e5,1.5482,71
2026-08-13,GALP,gasoleo_a,1.856,460
2026-08-13,GALP,gasoleo_premium,1.9243,385
2026-08-13,GALP,gasolina_95_e5,1.7339,457
2026-08-13,GALP,gasolina_98_e5,1.8806,223
2026-08-13,GALP,glp,1.0681,41
2026-08-13,MOEVE,gasoleo_a,1.8959,596
2026-08-13,MOEVE,gasoleo_premium,1.9986,534
2026-08-13,MOEVE,gasolina_95_e5,1.7709,586
2026-08-13,MOEVE,gasolina_98_e5,1.8861,275
2026-08-13,MOEVE,glp,1.114,68
2026-08-13,PETRONOR,gasoleo_a,1.905,163
2026-08-13,PETRONOR,gasoleo_premium,1.9878,80
2026-08-13,PETRONOR,gasolina_95_e5,1.7738,163
2026-08-13,PETRONOR,gasolina_98_e5,1.9212,106
2026-08-13,PETRONOR,glp,1.1598,12
2026-08-13,PETROPRIX,gasoleo_a,1.6905,177
2026-08-13,PETROPRIX,gasolina_95_e5,1.5938,177
2026-08-13,PLENERGY,gasoleo_a,1.7064,388
2026-08-13,PLENERGY,gasolina_95_e5,1.6039,388
2026-08-13,Q8,gasoleo_a,1.8173,83
2026-08-13,Q8,gasoleo_premium,1.8867,34
2026-08-13,Q8,gasolina_95_e5,1.6929,82
2026-08-13,Q8,gasolina_98_e5,1.7963,47
2026-08-13,Q8,glp,1.062,2
2026-08-13,REPSOL,gasoleo_a,1.9019,2752
2026-08-13,REPSOL,gasoleo_premium,1.9833,1230
2026-08-13,REPSOL,gasolina_95_e5,1.7693,2745
2026-08-13,REPSOL,gasolina_98_e5,1.9134,2177
2026-08-13,REPSOL,glp,1.1307,408
2026-08-13,SHELL,gasoleo_a,1.8444,343
2026-08-13,SHELL,gasoleo_premium,1.9337,293
2026-08-13,SHELL,gasolina_95_e5,1.727,343
2026-08-13,SHELL,gasolina_98_e5,1.8811,268
2026-08-13,SHELL,glp,1.0077,63
2026-08-14,AVIA,gasoleo_a,1.8303,99
2026-08-14,AVIA,gasoleo_premium,1.9147,56
2026-08-14,AVIA,gasolina_95_e5,1.7115,98
2026-08-14,AVIA,gasolina_98_e5,1.8601,52
2026-08-14,AVIA,glp,0.9977,11
2026-08-14,BALLENOIL,gasoleo_a,1.7247,405
2026-08-14,BALLENOIL,gasoleo_premium,1.745,278
2026-08-14,BALLENOIL,gasolina_95_e5,1.6259,405
2026-08-14,BALLENOIL,glp,1.083,1
2026-08-14,BP,gasoleo_a,1.8994,150
2026-08-14,BP,gasoleo_premium,1.9902,144
2026-08-14,BP,gasolina_95_e5,1.7732,150
2026-08-14,BP,gasolina_98_e5,1.9161,125
2026-08-14,BP,glp,1.0292,5
2026-08-14,CAMPSA,gasoleo_a,1.9149,57
2026-08-14,CAMPSA,gasoleo_premium,2.0054,29
2026-08-14,CAMPSA,gasolina_95_e5,1.7564,57
2026-08-14,CAMPSA,gasolina_98_e5,1.9198,29
2026-08-14,CAMPSA,glp,1.1043,3
2026-08-14,CARREFOUR,gasoleo_a,1.8545,146
2026-08-14,CARREFOUR,gasoleo_premium,1.8927,131
2026-08-14,CARREFOUR,gasolina_95_e5,1.7333,146
2026-08-14,CARREFOUR,gasolina_98_e5,1.8932,116
2026-08-14,CEPSA,gasoleo_a,1.9005,581
2026-08-14,CEPSA,gasoleo_premium,1.9952,533
2026-08-14,CEPSA,gasolina_95_e5,1.7717,574
2026-08-14,CEPSA,gasolina_98_e5,1.8909,281
2026-08-14,CEPSA,glp,1.128,26
2026-08-14,ESCLATOIL,gasoleo_a,1.7184,71
2026-08-14,ESCLATOIL,gasoleo_premium,1.7665,32
2026-08-14,ESCLATOIL,gasolina_95_e5,1.5675,71
2026-08-14,GALP,gasoleo_a,1.8655,460
2026-08-14,GALP,gasoleo_premium,1.9333,385
2026-08-14,GALP,gasolina_95_e5,1.739,457
2026-08-14,GALP,gasolina_98_e5,1.8861,223
2026-08-14,GALP,glp,1.0681,41
2026-08-14,MOEVE,gasoleo_a,1.9035,598
2026-08-14,MOEVE,gasoleo_premium,2.0058,536
2026-08-14,MOEVE,gasolina_95_e5,1.7719,588
2026-08-14,MOEVE,gasolina_98_e5,1.8881,276
2026-08-14,MOEVE,glp,1.1146,68
2026-08-14,PETRONOR,gasoleo_a,1.9133,164
2026-08-14,PETRONOR,gasoleo_premium,2.001,81
2026-08-14,PETRONOR,gasolina_95_e5,1.7758,164
2026-08-14,PETRONOR,gasolina_98_e5,1.9295,107
2026-08-14,PETRONOR,glp,1.1598,12
2026-08-14,PETROPRIX,gasoleo_a,1.6926,177
2026-08-14,PETROPRIX,gasolina_95_e5,1.5944,177
2026-08-14,PLENERGY,gasoleo_a,1.711,388
2026-08-14,PLENERGY,gasolina_95_e5,1.6061,388
2026-08-14,Q8,gasoleo_a,1.8232,82
2026-08-14,Q8,gasoleo_premium,1.8972,33
2026-08-14,Q8,gasolina_95_e5,1.6977,81
2026-08-14,Q8,gasolina_98_e5,1.8058,46
2026-08-14,Q8,glp,1.062,2
2026-08-14,REPSOL,gasoleo_a,1.911,2750
2026-08-14,REPSOL,gasoleo_premium,1.9982,1228
2026-08-14,REPSOL,gasolina_95_e5,1.7707,2743
2026-08-14,REPSOL,gasolina_98_e5,1.9211,2178
2026-08-14,REPSOL,glp,1.1312,407
2026-08-14,SHELL,gasoleo_a,1.849,343
2026-08-14,SHELL,gasoleo_premium,1.9383,293
2026-08-14,SHELL,gasolina_95_e5,1.731,343
2026-08-14,SHELL,gasolina_98_e5,1.8855,268
2026-08-14,SHELL,glp,1.0077,63
2026-08-15,AVIA,gasoleo_a,1.8323,99
2026-08-15,AVIA,gasoleo_premium,1.918,56
2026-08-15,AVIA,gasolina_95_e5,1.7129,98
2026-08-15,AVIA,gasolina_98_e5,1.864,52
2026-08-15,AVIA,glp,0.9977,11
2026-08-15,BALLENOIL,gasoleo_a,1.7243,405
2026-08-15,BALLENOIL,gasoleo_premium,1.7463,278
2026-08-15,BALLENOIL,gasolina_95_e5,1.6253,405
2026-08-15,BALLENOIL,glp,1.083,1
2026-08-15,BP,gasoleo_a,1.9033,150
2026-08-15,BP,gasoleo_premium,1.9939,144
2026-08-15,BP,gasolina_95_e5,1.775,150
2026-08-15,BP,gasolina_98_e5,1.918,125
2026-08-15,BP,glp,1.0292,5
2026-08-15,CAMPSA,gasoleo_a,1.9159,57
2026-08-15,CAMPSA,gasoleo_premium,2.0012,29
2026-08-15,CAMPSA,gasolina_95_e5,1.7574,57
2026-08-15,CAMPSA,gasolina_98_e5,1.9144,29
2026-08-15,CAMPSA,glp,1.1043,3
2026-08-15,CARREFOUR,gasoleo_a,1.8542,146
2026-08-15,CARREFOUR,gasoleo_premium,1.893,131
2026-08-15,CARREFOUR,gasolina_95_e5,1.7332,146
2026-08-15,CARREFOUR,gasolina_98_e5,1.8932,116
2026-08-15,CEPSA,gasoleo_a,1.9056,579
2026-08-15,CEPSA,gasoleo_premium,2.0003,531
2026-08-15,CEPSA,gasolina_95_e5,1.7727,572
2026-08-15,CEPSA,gasolina_98_e5,1.8926,280
2026-08-15,CEPSA,glp,1.128,26
2026-08-15,ESCLATOIL,gasoleo_a,1.7184,71
2026-08-15,ESCLATOIL,gasoleo_premium,1.7665,32
2026-08-15,ESCLATOIL,gasolina_95_e5,1.5675,71
2026-08-15,GALP,gasoleo_a,1.8687,460
2026-08-15,GALP,gasoleo_premium,1.9359,385
2026-08-15,GALP,gasolina_95_e5,1.7404,457
2026-08-15,GALP,gasolina_98_e5,1.8877,223
2026-08-15,GALP,glp,1.0681,41
2026-08-15,MOEVE,gasoleo_a,1.9108,598
2026-08-15,MOEVE,gasoleo_premium,2.013,536
2026-08-15,MOEVE,gasolina_95_e5,1.7733,588
2026-08-15,MOEVE,gasolina_98_e5,1.889,276
2026-08-15,MOEVE,glp,1.1146,68
2026-08-15,PETRONOR,gasoleo_a,1.9141,164
2026-08-15,PETRONOR,gasoleo_premium,1.996,81
2026-08-15,PETRONOR,gasolina_95_e5,1.7759,164
2026-08-15,PETRONOR,gasolina_98_e5,1.9229,107
2026-08-15,PETRONOR,glp,1.1598,12
2026-08-15,PETROPRIX,gasoleo_a,1.6919,177
2026-08-15,PETROPRIX,gasolina_95_e5,1.5933,177
2026-08-15,PLENERGY,gasoleo_a,1.7101,388
2026-08-15,PLENERGY,gasolina_95_e5,1.6056,388
2026-08-15,Q8,gasoleo_a,1.8279,82
2026-08-15,Q8,gasoleo_premium,1.903,33
2026-08-15,Q8,gasolina_95_e5,1.6995,81
2026-08-15,Q8,gasolina_98_e5,1.8085,46
2026-08-15,Q8,glp,1.062,2
2026-08-15,REPSOL,gasoleo_a,1.9126,2747
2026-08-15,REPSOL,gasoleo_premium,1.9934,1225
2026-08-15,REPSOL,gasolina_95_e5,1.7716,2740
2026-08-15,REPSOL,gasolina_98_e5,1.9155,2177
2026-08-15,REPSOL,glp,1.1313,407
2026-08-15,SHELL,gasoleo_a,1.8541,343
2026-08-15,SHELL,gasoleo_premium,1.9437,293
2026-08-15,SHELL,gasolina_95_e5,1.7337,343
2026-08-15,SHELL,gasolina_98_e5,1.8884,268
2026-08-15,SHELL,glp,1.0077,63
2026-08-16,AVIA,gasoleo_a,1.8332,99
2026-08-16,AVIA,gasoleo_premium,1.9182,56
2026-08-16,AVIA,gasolina_95_e5,1.7135,98
2026-08-16,AVIA,gasolina_98_e5,1.8641,52
2026-08-16,AVIA,glp,0.9977,11
2026-08-16,BALLENOIL,gasoleo_a,1.7241,405
2026-08-16,BALLENOIL,gasoleo_premium,1.7455,278
2026-08-16,BALLENOIL,gasolina_95_e5,1.6252,405
2026-08-16,BALLENOIL,glp,1.083,1
2026-08-16,BP,gasoleo_a,1.9034,150
2026-08-16,BP,gasoleo_premium,1.9941,144
2026-08-16,BP,gasolina_95_e5,1.7753,150
2026-08-16,BP,gasolina_98_e5,1.9182,125
2026-08-16,BP,glp,1.0292,5
2026-08-16,CAMPSA,gasoleo_a,1.916,57
2026-08-16,CAMPSA,gasoleo_premium,2.0012,29
2026-08-16,CAMPSA,gasolina_95_e5,1.7574,57
2026-08-16,CAMPSA,gasolina_98_e5,1.9144,29
2026-08-16,CAMPSA,glp,1.1043,3
2026-08-16,CARREFOUR,gasoleo_a,1.8542,146
2026-08-16,CARREFOUR,gasoleo_premium,1.893,131
2026-08-16,CARREFOUR,gasolina_95_e5,1.7332,146
2026-08-16,CARREFOUR,gasolina_98_e5,1.8932,116
2026-08-16,CEPSA,gasoleo_a,1.9066,575
2026-08-16,CEPSA,gasoleo_premium,2.0012,527
2026-08-16,CEPSA,gasolina_95_e5,1.7733,568
2026-08-16,CEPSA,gasolina_98_e5,1.8928,279
2026-08-16,CEPSA,glp,1.128,26
2026-08-16,ESCLATOIL,gasoleo_a,1.7184,71
2026-08-16,ESCLATOIL,gasoleo_premium,1.7665,32
2026-08-16,ESCLATOIL,gasolina_95_e5,1.5675,71
2026-08-16,GALP,gasoleo_a,1.8691,460
2026-08-16,GALP,gasoleo_premium,1.9362,385
2026-08-16,GALP,gasolina_95_e5,1.7406,457
2026-08-16,GALP,gasolina_98_e5,1.8878,223
2026-08-16,GALP,glp,1.0681,41
2026-08-16,MOEVE,gasoleo_a,1.9118,596
2026-08-16,MOEVE,gasoleo_premium,2.0142,534
2026-08-16,MOEVE,gasolina_95_e5,1.7735,586
2026-08-16,MOEVE,gasolina_98_e5,1.8888,275
2026-08-16,MOEVE,glp,1.1146,68
2026-08-16,PETRONOR,gasoleo_a,1.9146,162
2026-08-16,PETRONOR,gasoleo_premium,1.9959,80
2026-08-16,PETRONOR,gasolina_95_e5,1.7767,162
2026-08-16,PETRONOR,gasolina_98_e5,1.9228,106
2026-08-16,PETRONOR,glp,1.1598,12
2026-08-16,PETROPRIX,gasoleo_a,1.6917,177
2026-08-16,PETROPRIX,gasolina_95_e5,1.5933,177
2026-08-16,PLENERGY,gasoleo_a,1.71,388
2026-08-16,PLENERGY,gasolina_95_e5,1.6054,388
2026-08-16,Q8,gasoleo_a,1.8301,82
2026-08-16,Q8,gasoleo_premium,1.906,33
2026-08-16,Q8,gasolina_95_e5,1.6997,81
2026-08-16,Q8,gasolina_98_e5,1.8093,46
2026-08-16,Q8,glp,1.062,2
2026-08-16,REPSOL,gasoleo_a,1.9131,2743
2026-08-16,REPSOL,gasoleo_premium,1.9936,1224
2026-08-16,REPSOL,gasolina_95_e5,1.772,2736
2026-08-16,REPSOL,gasolina_98_e5,1.9155,2174
2026-08-16,REPSOL,glp,1.1314,405
2026-08-16,SHELL,gasoleo_a,1.854,342
2026-08-16,SHELL,gasoleo_premium,1.9433,292
2026-08-16,SHELL,gasolina_95_e5,1.7338,342
2026-08-16,SHELL,gasolina_98_e5,1.8879,267
2026-08-16,SHELL,glp,1.0077,63
